content,score,thumbsUpCount,reviewCreatedVersion,at,appVersion,app_name,compound,sentiment,rating_category
faltu app hai abhi tk million views nhi aaye🥀😂,5,0,437.0.0.33.78,2026-09-10 10:37:34,437.0.0.33.78,Instagram,0.4404,Positive,High
please don't install this app in my mobile,1,0,445.0.0.45.83,2026-09-10 10:36:46,445.0.0.45.83,Instagram,0.3182,Positive,Low
it's good my favorite apps 😃😃 and i want iphone give me plss,5,0,,2026-09-10 10:35:18,,Instagram,0.8807,Positive,High
josep mai,1,0,,2026-09-10 10:35:03,,Instagram,0.0,Neutral,Low
🥰🥰❤️❤️,5,0,,2026-09-10 10:35:03,,Instagram,0.9393,Positive,High
amazing,5,0,445.0.0.45.83,2026-09-10 10:34:38,445.0.0.45.83,Instagram,0.5859,Positive,High
so nice,5,0,444.0.0.46.85,2026-09-10 10:34:31,444.0.0.46.85,Instagram,0.4754,Positive,High
mere follow like shera badha do,5,0,,2026-09-10 10:34:06,,Instagram,0.3612,Positive,High
good,4,0,410.1.0.63.71,2026-09-10 10:33:48,410.1.0.63.71,Instagram,0.4404,Positive,High
best app,5,0,446.0.0.49.77,2026-09-10 10:33:46,446.0.0.49.77,Instagram,0.6369,Positive,High
"my instagram account has been permanently disabled. even though i did video selfie verification and provided all my government documents but it didn't accept. i tried in all possible ways to get my account back but nothing has worked in my favour. what all extra should i do to get my account back. ai is automatically not accepting my account, i need human verification. please take my request sincerely and unable for my account.",1,0,,2026-09-10 10:33:24,,Instagram,0.7505,Positive,Low
very good,5,0,446.0.0.49.77,2026-09-10 10:33:24,446.0.0.49.77,Instagram,0.4927,Positive,High
good but you should allow everyone to see everyone ppst like we cant see @axumplesar post,2,0,445.0.0.45.83,2026-09-10 10:31:43,445.0.0.45.83,Instagram,0.7615,Positive,Low
ok,5,0,446.0.0.49.77,2026-09-10 10:31:14,446.0.0.49.77,Instagram,0.296,Positive,High
love it,5,0,,2026-09-10 10:30:36,,Instagram,0.6369,Positive,High
nice,5,0,413.0.0.41.84,2026-09-10 10:30:20,413.0.0.41.84,Instagram,0.4215,Positive,High
i am a editor please help me,5,0,445.0.0.45.83,2026-09-10 10:30:19,445.0.0.45.83,Instagram,0.6124,Positive,High
it's good,5,0,,2026-09-10 10:29:53,,Instagram,0.4404,Positive,High
😍😍😍😍,5,0,278.0.0.22.117,2026-09-10 10:29:39,278.0.0.22.117,Instagram,0.9001,Positive,High
good,5,0,,2026-09-10 10:29:28,,Instagram,0.4404,Positive,High
good social media app my video is viral instagram teem 👍👍👍,5,0,400.0.0.49.68,2026-09-10 10:27:57,400.0.0.49.68,Instagram,0.4404,Positive,High
avatar,1,0,399.0.0.51.85,2026-09-10 10:27:51,399.0.0.51.85,Instagram,0.0,Neutral,Low
please follower udwa,3,0,445.0.0.45.83,2026-09-10 10:27:39,445.0.0.45.83,Instagram,0.3182,Positive,Medium
this is useful and i enjoy it,1,0,446.0.0.49.77,2026-09-10 10:27:29,446.0.0.49.77,Instagram,0.7269,Positive,Low
nice app,5,0,445.0.0.45.83,2026-09-10 10:26:59,445.0.0.45.83,Instagram,0.4215,Positive,High
add more bugs to fix later,1,0,446.0.0.49.77,2026-09-10 10:26:24,446.0.0.49.77,Instagram,0.0,Neutral,Low
incredible app,3,0,,2026-09-10 10:25:55,,Instagram,0.0,Neutral,Medium
rahul rawat mujhe instagram bahut maja aata hai dekhne mein agar tum ek chij bahut mujhe deti hai ki life chalne ke liye 1000 subscriber karna hai 1000 subscriber karne ke liye mere pass itna time nahin rahata live chalne mein time rahata hai to live chalne ke liye dimag nahin kam kar raha hai kya karun kaise nahin karun live wala khol do follow 1000 mat mango,5,0,,2026-09-10 10:25:40,,Instagram,0.0,Neutral,High
gjh cc hmm wo woman hmm uj,5,0,,2026-09-10 10:25:27,,Instagram,0.0,Neutral,High
good,5,0,445.0.0.45.83,2026-09-10 10:25:25,445.0.0.45.83,Instagram,0.4404,Positive,High
instgeram jalo karo,5,0,445.0.0.45.83,2026-09-10 10:25:17,445.0.0.45.83,Instagram,0.0,Neutral,High
good to use,5,0,326.0.0.42.90,2026-09-10 10:24:43,326.0.0.42.90,Instagram,0.4404,Positive,High
"horrible for sometimes all keep freezing on my screen with a page to force me to agree with ads,,by this forceful manners forcing me to get tired and stop using the app",1,0,446.0.0.49.77,2026-09-10 10:24:39,446.0.0.49.77,Instagram,-0.7579,Negative,Low
very nice social media app❤️❤️✨,5,1,446.0.0.49.77,2026-09-10 10:24:20,446.0.0.49.77,Instagram,0.659,Positive,High
free,2,0,,2026-09-10 10:23:46,,Instagram,0.5106,Positive,Low
best app,5,0,376.1.0.55.68,2026-09-10 10:23:35,376.1.0.55.68,Instagram,0.6369,Positive,High
the bots are rampant is this app i been blocking them everyday like why is this app not verifying before sign up,2,0,445.0.0.45.83,2026-09-10 10:21:40,445.0.0.45.83,Instagram,-0.0258,Neutral,Low
very good apple 🍎,5,0,445.0.0.45.83,2026-09-10 10:21:24,445.0.0.45.83,Instagram,0.4927,Positive,High
good,3,0,446.0.0.49.77,2026-09-10 10:20:35,446.0.0.49.77,Instagram,0.4404,Positive,Medium
is nice app and secure,5,0,298.0.0.31.110,2026-09-10 10:20:28,298.0.0.31.110,Instagram,0.6369,Positive,High
it's great,5,1,446.0.0.49.77,2026-09-10 10:19:58,446.0.0.49.77,Instagram,0.6249,Positive,High
this app is very interesting,5,0,,2026-09-10 10:18:53,,Instagram,0.4576,Positive,High
supar,5,0,445.0.0.45.83,2026-09-10 10:17:51,445.0.0.45.83,Instagram,0.0,Neutral,High
good.... rise my view.. love instagram,5,0,,2026-09-10 10:17:03,,Instagram,0.7964,Positive,High
"addictive app, worse than alcohol. can make you lose focus, attention span and reduce your productivity unless you are the creator. disgusting app, often shows pedophilia, leaked and banned content, gore, nsfw, nsfc. out of all the things i mentioned. theres only one i like. and im not a content creator.",4,0,446.0.0.49.77,2026-09-10 10:16:44,446.0.0.49.77,Instagram,-0.9001,Negative,High
gooi v,5,0,,2026-09-10 10:16:41,,Instagram,0.0,Neutral,High
dste instagram 😘😘😘😘😘😘👍,5,0,446.0.0.49.77,2026-09-10 10:16:26,446.0.0.49.77,Instagram,0.9413,Positive,High
good,1,1,415.0.0.36.76,2026-09-10 10:16:07,415.0.0.36.76,Instagram,0.4404,Positive,Low
nice,5,0,437.0.0.33.78,2026-09-10 10:15:54,437.0.0.33.78,Instagram,0.4215,Positive,High
i like instagram,5,0,,2026-09-10 10:15:46,,Instagram,0.3612,Positive,High
very bad app,1,0,445.0.0.45.83,2026-09-10 10:13:48,445.0.0.45.83,Instagram,-0.5849,Negative,Low
trying to manipulate people through algorithm.,1,0,392.2.0.58.78,2026-09-10 10:13:13,392.2.0.58.78,Instagram,0.0,Neutral,Low
one of the best app ever❤️❤️,5,0,445.0.0.45.83,2026-09-10 10:13:06,445.0.0.45.83,Instagram,0.6369,Positive,High
👍👍👍👍👍🤏,5,0,,2026-09-10 10:12:54,,Instagram,0.0,Neutral,High
good,5,0,446.0.0.49.77,2026-09-10 10:12:29,446.0.0.49.77,Instagram,0.4404,Positive,High
it’s a great social apps for all time ❤️‍🩹🫶,4,0,445.0.0.45.83,2026-09-10 10:12:16,445.0.0.45.83,Instagram,0.6249,Positive,High
ma sahil_choudhary_999,5,0,446.0.0.49.77,2026-09-10 10:11:11,446.0.0.49.77,Instagram,0.0,Neutral,High
good,5,0,,2026-09-10 10:11:08,,Instagram,0.4404,Positive,High
worst app,1,0,,2026-09-10 10:10:59,,Instagram,-0.6249,Negative,Low
best app,5,0,,2026-09-10 10:10:51,,Instagram,0.6369,Positive,High
👑🦁,5,0,438.0.0.28.88,2026-09-10 10:10:06,438.0.0.28.88,Instagram,0.0,Neutral,High
"this app is not good. instagram has disabled two of my accounts within just two days. i have not done anything wrong, and i have not violated instagram’s community guidelines. please review my accounts and reconsider the decision. i believe my accounts were disabled by mistake.",1,0,446.0.0.49.77,2026-09-10 10:09:47,446.0.0.49.77,Instagram,0.4261,Positive,Low
mumtaj ansari 6789,1,0,,2026-09-10 10:08:50,,Instagram,0.0,Neutral,Low
good helps in connecting with people but the phone instantly becomes very hot ... can't scroll countinously,4,0,,2026-09-10 10:08:10,,Instagram,0.4118,Positive,High
anushuya monday,5,0,278.0.0.22.117,2026-09-10 10:07:05,278.0.0.22.117,Instagram,0.0,Neutral,High
it's very nice and important for me,5,0,442.0.0.46.79,2026-09-10 10:06:49,442.0.0.46.79,Instagram,0.6318,Positive,High
"dear instagram team, my account(@zoya_gaming) has been deactivated. i believe this is a mistake as i have always followed all community guidelines and terms of service. i request you to please review my account and reactivate it as soon as possible. thank you for your time and assistance.""",5,0,446.0.0.49.77,2026-09-10 10:06:40,446.0.0.49.77,Instagram,0.6124,Positive,High
very good,5,0,444.0.0.46.85,2026-09-10 10:06:25,444.0.0.46.85,Instagram,0.4927,Positive,High
🥰,5,0,445.0.0.45.83,2026-09-10 10:06:13,445.0.0.45.83,Instagram,0.8074,Positive,High
why this is not installing in my phone??......,1,0,446.0.0.49.77,2026-09-10 10:06:00,446.0.0.49.77,Instagram,0.0,Neutral,Low
excellent,5,0,437.0.0.33.78,2026-09-10 10:05:25,437.0.0.33.78,Instagram,0.5719,Positive,High
secure my account,5,0,446.0.0.49.77,2026-09-10 10:05:13,446.0.0.49.77,Instagram,0.34,Positive,High
veery nice 💚💚🤍🤍🧡🧡,5,1,445.0.0.45.83,2026-09-10 10:04:19,445.0.0.45.83,Instagram,0.9468,Positive,High
"the support system is the worst of the worst, i reported a guy who harrassed me online but caused the language he used was not english and had voice notes , ig didn't consider it as a threat , basically reporting someone doesn't work in ig at all unless it's in english, plz do consider different language too",1,0,,2026-09-10 10:04:10,,Instagram,-0.8126,Negative,Low
this app is very good,5,0,446.0.0.49.77,2026-09-10 10:03:44,446.0.0.49.77,Instagram,0.4927,Positive,High
🍁🍁 i love you 🍁🍁,5,0,,2026-09-10 10:03:05,,Instagram,0.6369,Positive,High
not interested,5,0,445.0.0.45.83,2026-09-10 10:02:45,445.0.0.45.83,Instagram,-0.3089,Negative,High
best app,5,0,,2026-09-10 10:02:35,,Instagram,0.6369,Positive,High
five star,1,0,446.0.0.49.77,2026-09-10 10:02:29,446.0.0.49.77,Instagram,0.0,Neutral,Low
my account always gets suspended so this app isn't that good,1,0,,2026-09-10 10:02:14,,Instagram,-0.6711,Negative,Low
"love it!💜 but i wish we could earn through it cause i never liked using instagram or most other social apps, but now that i started posting on it, i get more views and likes than i did on even youtube. i wish we could earn through it from any county.",5,0,445.0.0.45.83,2026-09-10 10:01:31,445.0.0.45.83,Instagram,0.9286,Positive,High
this is not a app this is aa girl set appo,1,0,,2026-09-10 09:58:52,,Instagram,0.0,Neutral,Low
it's very cool app,5,0,,2026-09-10 09:58:09,,Instagram,0.3804,Positive,High
very bad distract me,1,0,,2026-09-10 09:57:48,,Instagram,-0.7408,Negative,Low
i hope we can custom the order of the stories in the highlights,4,0,,2026-09-10 09:56:04,,Instagram,0.4404,Positive,High
faaaaaaah,5,0,,2026-09-10 09:54:46,,Instagram,0.0,Neutral,High
wow,5,0,443.0.0.48.82,2026-09-10 09:54:19,443.0.0.48.82,Instagram,0.5859,Positive,High
good,5,0,445.0.0.45.83,2026-09-10 09:53:38,445.0.0.45.83,Instagram,0.4404,Positive,High
"there is a setting, limitations of using application. but that counts not only video , reel but also messaging screen. please make a limitations only for reel and videos. thanks",1,0,445.0.0.45.83,2026-09-10 09:53:27,445.0.0.45.83,Instagram,0.7783,Positive,Low
bast chat qpp me,5,0,445.0.0.45.83,2026-09-10 09:53:20,445.0.0.45.83,Instagram,0.0,Neutral,High
good but bad👍,5,0,444.0.0.46.85,2026-09-10 09:52:46,444.0.0.46.85,Instagram,-0.5859,Negative,High
i love instagram i trust instagram,5,0,441.0.0.43.81,2026-09-10 09:52:34,441.0.0.43.81,Instagram,0.8176,Positive,High
super easy to use and looks amazing! this completely upgraded my feed and saved me so much time. highly recommend to anyone looking to grow.,5,0,442.0.0.46.79,2026-09-10 09:52:20,442.0.0.46.79,Instagram,0.9476,Positive,High
it is best,4,0,429.1.0.44.70,2026-09-10 09:51:19,429.1.0.44.70,Instagram,0.6369,Positive,High
bhalo,4,0,445.0.0.45.83,2026-09-10 09:50:57,445.0.0.45.83,Instagram,0.0,Neutral,High
"greetings instagram team, my account (yourusername) has been deactivated and i have tried every possible way but not able to get it back and i believe this is a mistake from your side as i have always followed all community guidelines and terms of service. i request you to please review/analyse my account and reactivate it arjtdwjej",5,0,445.0.0.45.83,2026-09-10 09:49:46,445.0.0.45.83,Instagram,0.1901,Positive,High
re up ll,5,0,445.0.0.45.83,2026-09-10 09:49:03,445.0.0.45.83,Instagram,0.0,Neutral,High
mere id ko prommot kro ❤️,5,0,445.0.0.45.83,2026-09-10 09:48:16,445.0.0.45.83,Instagram,0.0,Neutral,High
very nice,4,0,443.0.0.48.82,2026-09-10 09:48:09,443.0.0.48.82,Instagram,0.4754,Positive,High
app not working,1,0,,2026-09-10 09:47:47,,Instagram,0.0,Neutral,Low
rajendat,2,0,436.0.0.41.73,2026-09-10 09:47:45,436.0.0.41.73,Instagram,0.0,Neutral,Low
google,5,0,445.0.0.45.83,2026-09-10 09:47:38,445.0.0.45.83,Instagram,0.0,Neutral,High
this so amazing app i liked 💟,5,1,445.0.0.45.83,2026-09-10 09:47:16,445.0.0.45.83,Instagram,0.902,Positive,High
nice app,5,0,,2026-09-10 09:46:31,,Instagram,0.4215,Positive,High
this app as well nd most uploaded pic,4,0,445.0.0.45.83,2026-09-10 09:45:48,445.0.0.45.83,Instagram,0.2732,Positive,High
🩷🩷,4,0,,2026-09-10 09:45:44,,Instagram,0.0,Neutral,High
beutifull,4,0,445.0.0.45.83,2026-09-10 09:45:17,445.0.0.45.83,Instagram,0.0,Neutral,High
"“10/10 for the aesthetic, 0/10 for the addiction 😭”",1,0,,2026-09-10 09:44:29,,Instagram,-0.4767,Negative,Low
my account disabled for no reason,1,0,446.0.0.49.77,2026-09-10 09:44:24,446.0.0.49.77,Instagram,-0.296,Negative,Low
internet yaxshinas yuklanish juda sekin,1,0,445.0.0.45.83,2026-09-10 09:43:45,445.0.0.45.83,Instagram,0.0,Neutral,Low
nice,5,0,443.0.0.48.82,2026-09-10 09:43:44,443.0.0.48.82,Instagram,0.4215,Positive,High
good 👍,5,0,341.0.0.45.100,2026-09-10 09:42:39,341.0.0.45.100,Instagram,0.4404,Positive,High
good,5,0,445.0.0.45.83,2026-09-10 09:42:33,445.0.0.45.83,Instagram,0.4404,Positive,High
manish bhari 302,5,0,445.0.0.45.83,2026-09-10 09:42:14,445.0.0.45.83,Instagram,0.0,Neutral,High
i am very happy 😊 to use instagram.🌹,4,0,445.0.0.45.83,2026-09-10 09:42:06,445.0.0.45.83,Instagram,0.8826,Positive,High
acc aku yang aku dah pakai sebelum aku jadi student lagi (2019 lebih kurang ) kene banned hanya disebabkan pihak ig tak boleh nak sahkan identiti aku berdasarkan selfie dengan post aku yg dah bertahun dekat dalam acc tu...pebende security makin maju nye.. ape gunenye selfie confirmation nye .menyusahkan pengguna... dahla acc kene hacked...aku yg owner acc pulak tak boleh retrieve...,1,0,446.0.0.49.77,2026-09-10 09:41:40,446.0.0.49.77,Instagram,-0.1531,Negative,Low
take lot of time to install,1,0,,2026-09-10 09:41:28,,Instagram,0.0,Neutral,Low
interestinginstgram,4,0,445.0.0.45.83,2026-09-10 09:41:11,445.0.0.45.83,Instagram,0.0,Neutral,High
this is so good to see a anime lover,5,0,,2026-09-10 09:40:59,,Instagram,0.8196,Positive,High
this is very bad aap because he suspended my 100 i'd without any reason so not any one trust him this is very bad aap 😡😡😡😡,1,0,445.0.0.45.83,2026-09-10 09:40:44,445.0.0.45.83,Instagram,-0.9244,Negative,Low
"hello instagram support, my account was suspended, and i believe this may have happened by mistake. i understand that instagram takes account integrity and community guidelines seriously, and i respect the rules. i have not intentionally violated instagram’s policies or attempted to bypass any restrictions. please review my account and the reason for the suspension manually. if my account has been incorrectly associated with another account, i kindly ask you to reconsider this decision. this acc",1,0,387.1.0.34.85,2026-09-10 09:40:27,387.1.0.34.85,Instagram,0.8582,Positive,Low
nice app very helpfull,5,0,,2026-09-10 09:40:27,,Instagram,0.4215,Positive,High
good for entertainment,5,0,,2026-09-10 09:40:05,,Instagram,0.6908,Positive,High
nice app,5,0,,2026-09-10 09:39:34,,Instagram,0.4215,Positive,High
nice app for android phone and iphone,5,0,445.0.0.45.83,2026-09-10 09:39:20,445.0.0.45.83,Instagram,0.4215,Positive,High
it is good,5,0,446.0.0.49.77,2026-09-10 09:38:28,446.0.0.49.77,Instagram,0.4404,Positive,High
nix aap❤️🙃,5,0,445.0.0.45.83,2026-09-10 09:38:14,445.0.0.45.83,Instagram,0.0,Neutral,High
u ji,4,0,445.0.0.45.83,2026-09-10 09:36:48,445.0.0.45.83,Instagram,0.0,Neutral,High
good,5,0,446.0.0.49.77,2026-09-10 09:35:18,446.0.0.49.77,Instagram,0.4404,Positive,High
হেব্বি সুন্দর ইস্টাগ্রাম,5,0,,2026-09-10 09:34:36,,Instagram,0.0,Neutral,High
may be it is the best social media app in the the market because i gaves better content then other media app i know may be you install app first then conte will be very bad but like good reel and follow good people's then your feed become better so enjoy! reels,4,0,446.0.0.49.77,2026-09-10 09:34:19,446.0.0.49.77,Instagram,0.9759,Positive,High
❤️❤️❤️,4,0,,2026-09-10 09:32:44,,Instagram,0.0,Neutral,High
kuch reals aise hote hai jo risto ko todwane ka kaam karte hai 😞,1,0,,2026-09-10 09:31:48,,Instagram,-0.4767,Negative,Low
حیسسس,5,0,,2026-09-10 09:30:32,,Instagram,0.0,Neutral,High
🧡🧡🧡💗💛🐷🐖🐖🥷😙💚🤍❤️🧿💖😙👩‍❤️‍👨,5,0,,2026-09-10 09:30:18,,Instagram,0.992,Positive,High
"hello instagram support, my birthday is on september 13th, and i have a small birthday wish. 🎂❤️ could you please give me a special birthday gift by fixing my account’s reach? my reels are not reaching my followers properly, and they are also not being shown to non-followers. i have already sent several messages about this issue, but i still haven’t received a clear answer. i have not intentionally posted anything against instagram’s guidelines, and i am not using any third-party or other apps",2,0,444.0.0.46.85,2026-09-10 09:30:13,444.0.0.46.85,Instagram,0.852,Positive,Low
fav spot for hangout with the stuff thats having a lot of knowledge,5,0,446.0.0.49.77,2026-09-10 09:29:19,446.0.0.49.77,Instagram,0.4588,Positive,High
nice ❤️,5,0,445.0.0.45.83,2026-09-10 09:28:55,445.0.0.45.83,Instagram,0.4215,Positive,High
best app,5,0,,2026-09-10 09:28:15,,Instagram,0.6369,Positive,High
very good,5,0,,2026-09-10 09:28:10,,Instagram,0.4927,Positive,High
distraction,5,0,,2026-09-10 09:27:47,,Instagram,-0.3818,Negative,High
bakar,1,0,333.0.0.42.91,2026-09-10 09:26:50,333.0.0.42.91,Instagram,0.0,Neutral,Low
bakwas app hai yrr ladki reply bhi nhi deti hai,5,0,445.0.0.45.83,2026-09-10 09:26:44,445.0.0.45.83,Instagram,0.0,Neutral,High
instagram is the best amazing app this app posts reels or stories,5,0,446.0.0.49.77,2026-09-10 09:26:39,446.0.0.49.77,Instagram,0.8402,Positive,High
good aap,5,0,,2026-09-10 09:26:11,,Instagram,0.4404,Positive,High
nice 👍,5,0,422.0.0.44.64,2026-09-10 09:25:57,422.0.0.44.64,Instagram,0.4215,Positive,High
bahut bekar hai,1,0,445.0.0.45.83,2026-09-10 09:25:12,445.0.0.45.83,Instagram,0.0,Neutral,Low
"it's ok, i guess",4,0,446.0.0.49.77,2026-09-10 09:24:26,446.0.0.49.77,Instagram,0.0,Neutral,High
probl rels,5,0,333.0.0.42.91,2026-09-10 09:23:56,333.0.0.42.91,Instagram,0.0,Neutral,High
hlo instagram,2,0,,2026-09-10 09:23:17,,Instagram,0.0,Neutral,Low
bro.. this has gotta be in your daily used apps🤝,5,0,446.0.0.49.77,2026-09-10 09:22:56,446.0.0.49.77,Instagram,0.0,Neutral,High
"bestttt bs meri reel viral krdo buhat mehnat krti hu ,😭😭😭🫶🫶🫶🙌",5,0,446.0.0.49.77,2026-09-10 09:22:53,446.0.0.49.77,Instagram,-0.8519,Negative,High
very best 👌 👌 👍 😍 🥰 ☺️,5,0,,2026-09-10 09:22:49,,Instagram,0.9843,Positive,High
algorithm is very disappointing 😞 small creator cant even grow up !,1,0,442.0.0.46.79,2026-09-10 09:22:37,442.0.0.46.79,Instagram,-0.8,Negative,Low
sabse bekar app hai,5,0,,2026-09-10 09:22:24,,Instagram,0.0,Neutral,High
good,5,0,444.0.0.46.85,2026-09-10 09:22:23,444.0.0.46.85,Instagram,0.4404,Positive,High
mujhku viral nahi kya,2,0,315.0.0.29.109,2026-09-10 09:22:13,315.0.0.29.109,Instagram,0.0,Neutral,Low
"well, i don't have a concern but my friend does, he said that everytime he creates an account, it easily get suspended even though he is not violating anything from the app.",5,0,,2026-09-10 09:21:18,,Instagram,0.8814,Positive,High
beat aap,5,0,445.0.0.45.83,2026-09-10 09:21:14,445.0.0.45.83,Instagram,0.0,Neutral,High
thank you sir,5,0,445.0.0.45.83,2026-09-10 09:20:41,445.0.0.45.83,Instagram,0.3612,Positive,High
my favourite app,5,0,445.0.0.45.83,2026-09-10 09:19:51,445.0.0.45.83,Instagram,0.0,Neutral,High
dope,5,0,437.0.0.33.78,2026-09-10 09:19:50,437.0.0.33.78,Instagram,0.0,Neutral,High
it's need to add more futures,3,0,445.0.0.45.83,2026-09-10 09:18:46,445.0.0.45.83,Instagram,0.0,Neutral,Medium
best for entertainment,5,0,445.0.0.45.83,2026-09-10 09:18:39,445.0.0.45.83,Instagram,0.7906,Positive,High
best app for single boy,4,0,406.0.0.58.159,2026-09-10 09:18:35,406.0.0.58.159,Instagram,0.6369,Positive,High
❤️❤️❤️❤️❤️,5,0,,2026-09-10 09:17:01,,Instagram,0.0,Neutral,High
instagram what is this behaviour!!😐🤯😤without any reason instagram as sunpended and disable all my account 😓😭,1,0,,2026-09-10 09:16:59,,Instagram,-0.7568,Negative,Low
i dont see the search button for filters,1,0,445.0.0.45.83,2026-09-10 09:16:45,445.0.0.45.83,Instagram,0.0,Neutral,Low
valo app ata amar valo lagche.,3,0,445.0.0.45.83,2026-09-10 09:16:15,445.0.0.45.83,Instagram,0.0,Neutral,Medium
goodluck,5,0,444.0.0.46.85,2026-09-10 09:15:46,444.0.0.46.85,Instagram,0.0,Neutral,High
it good,5,0,445.0.0.45.83,2026-09-10 09:15:32,445.0.0.45.83,Instagram,0.4404,Positive,High
wow,5,0,242.0.0.16.111,2026-09-10 09:15:05,242.0.0.16.111,Instagram,0.5859,Positive,High
this aap was too good and comfortable mane to bovj maja aavi ane saru pan lagyu,5,0,431.1.0.49.82,2026-09-10 09:15:02,431.1.0.49.82,Instagram,0.7351,Positive,High
nice app,5,0,,2026-09-10 09:14:33,,Instagram,0.4215,Positive,High
"disabled account without any reason,such a waste of time",1,0,445.0.0.45.83,2026-09-10 09:14:16,445.0.0.45.83,Instagram,-0.4215,Negative,Low
plsss yeh account viral kardo,5,0,446.0.0.49.77,2026-09-10 09:14:08,446.0.0.49.77,Instagram,0.0,Neutral,High
no wards 💗😭🤲🏻🧿🫶🏻,5,0,,2026-09-10 09:14:04,,Instagram,-0.1576,Negative,High
amit 💞💞,5,0,446.0.0.49.77,2026-09-10 09:13:51,446.0.0.49.77,Instagram,0.8625,Positive,High
bro best ever app it meant actually you can connect with people and community as well as,5,0,,2026-09-10 09:13:30,,Instagram,0.743,Positive,High
"this is very bad app. instagram ban my 5 id's without any reasons. very bad app instagram don't have any policys or anything, it's based on false strike. please return my id username abiradhikary2.0",1,0,446.0.0.49.77,2026-09-10 09:12:57,446.0.0.49.77,Instagram,-0.8856,Negative,Low
bahut kharab chal raha hai na hi kisi ko mention ho raha hai,1,0,443.0.0.48.82,2026-09-10 09:12:27,443.0.0.48.82,Instagram,0.0,Neutral,Low
good,4,0,361.0.0.46.88,2026-09-10 09:12:23,361.0.0.46.88,Instagram,0.4404,Positive,High
hey insta why you are ban my acc's again and again??,1,0,,2026-09-10 09:12:03,,Instagram,-0.6072,Negative,Low
deepak singh,5,0,446.0.0.49.77,2026-09-10 09:10:40,446.0.0.49.77,Instagram,0.0,Neutral,High
v. negative algorithm pushing pessimism,1,0,,2026-09-10 09:09:59,,Instagram,-0.7351,Negative,Low
good,5,0,445.0.0.45.83,2026-09-10 09:09:56,445.0.0.45.83,Instagram,0.4404,Positive,High
satisfactory,5,0,443.0.0.48.82,2026-09-10 09:09:15,443.0.0.48.82,Instagram,0.3612,Positive,High
"i’m really disappointed with how instagram handles features between iphone and android. i found a story trick/tutorial that i wanted to try, only to find out that the feature apparently isn’t available on android. i understand that some features may take time to roll out, but having major differences between platforms is frustrating for android users. please make features available across both platforms instead of making users feel left out based on what phone they use.",2,0,446.0.0.49.77,2026-09-10 09:09:01,446.0.0.49.77,Instagram,-0.476,Negative,Low
nitin,1,0,278.0.0.22.117,2026-09-10 09:08:53,278.0.0.22.117,Instagram,0.0,Neutral,Low
har baar account suspend kar de rahe ho bina galti ke 😔,1,0,445.0.0.45.83,2026-09-10 09:08:52,445.0.0.45.83,Instagram,-0.25,Negative,Low
♥️♥️♥️,5,0,,2026-09-10 09:08:12,,Instagram,0.9274,Positive,High
not bad,3,0,446.0.0.49.77,2026-09-10 09:07:19,446.0.0.49.77,Instagram,0.431,Positive,Medium
you guys should let my accounts be i did nothing wrong,1,0,,2026-09-10 09:06:58,,Instagram,0.3724,Positive,Low
exp tirw,5,0,445.0.0.45.83,2026-09-10 09:06:35,445.0.0.45.83,Instagram,0.0,Neutral,High
ok,5,0,445.0.0.45.83,2026-09-10 09:05:46,445.0.0.45.83,Instagram,0.296,Positive,High
chiargkumnar,5,0,,2026-09-10 09:05:01,,Instagram,0.0,Neutral,High
this app is very lagging to use my processor is snapdragon 6gen 1 processor,2,0,446.0.0.49.77,2026-09-10 09:04:34,446.0.0.49.77,Instagram,-0.3384,Negative,Low
meri insta i'd baar baar disable ho rhi h pta ni kyu mene toh koi community rules bhi break nhi kiya🙂,4,0,446.0.0.49.77,2026-09-10 09:03:43,446.0.0.49.77,Instagram,0.4033,Positive,High
superb bad experience,5,0,,2026-09-10 09:03:42,,Instagram,0.1531,Positive,High
good,5,0,445.0.0.45.83,2026-09-10 09:03:22,445.0.0.45.83,Instagram,0.4404,Positive,High
viral reels,4,0,422.0.0.44.64,2026-09-10 09:03:14,422.0.0.44.64,Instagram,0.0,Neutral,High
mera instagram download nhi ho rha,4,0,,2026-09-10 09:02:34,,Instagram,0.0,Neutral,High
please grow my profile and followers.,4,0,445.0.0.45.83,2026-09-10 09:02:13,445.0.0.45.83,Instagram,0.3182,Positive,High
good for content creation 🌷🌸,5,0,445.0.0.45.83,2026-09-10 09:01:31,445.0.0.45.83,Instagram,0.6124,Positive,High
the bestest app ever,5,0,442.0.0.46.79,2026-09-10 09:01:12,442.0.0.46.79,Instagram,0.0,Neutral,High
we are use for chat with friends and every couple chat with soulmate 💞😜,5,0,,2026-09-10 09:01:00,,Instagram,0.9062,Positive,High
ravi rgbgj bbbm un,3,0,446.0.0.49.77,2026-09-10 09:00:00,446.0.0.49.77,Instagram,0.0,Neutral,Medium
you're good on assistance i like it,5,0,444.0.0.46.85,2026-09-10 08:59:24,444.0.0.46.85,Instagram,0.6597,Positive,High
so good,5,0,442.0.0.46.79,2026-09-10 08:59:23,442.0.0.46.79,Instagram,0.4927,Positive,High
"hello instagram team my original reels are repeatedly being flagged as duplicate content even after multiple reviews confirmed that they are original and restored. please manually review this issue and fix the repeated incorrect flags, as they are affecting my account and content reach. username __jungkookiee06",2,0,446.0.0.49.77,2026-09-10 08:59:08,446.0.0.49.77,Instagram,0.8126,Positive,Low
good,4,0,445.0.0.45.83,2026-09-10 08:58:42,445.0.0.45.83,Instagram,0.4404,Positive,High
good,4,0,445.0.0.45.83,2026-09-10 08:58:27,445.0.0.45.83,Instagram,0.4404,Positive,High
nice this app so beautiful ❤️😍,5,0,445.0.0.45.83,2026-09-10 08:58:21,445.0.0.45.83,Instagram,0.8955,Positive,High
👍,5,0,444.0.0.46.85,2026-09-10 08:58:06,444.0.0.46.85,Instagram,0.0,Neutral,High
"instagram is a great platform for discovering new ideas, trends, and interesting content. the app offers a smooth experience and makes it easy to connect with people and follow things that match my interests.",5,0,445.0.0.45.83,2026-09-10 08:58:02,445.0.0.45.83,Instagram,0.8934,Positive,High
"instagram ni makin lama makin teruk, content pun nk kena tunggu load...",3,0,446.0.0.49.77,2026-09-10 08:57:47,446.0.0.49.77,Instagram,0.0,Neutral,Medium
very good,5,0,446.0.0.49.77,2026-09-10 08:57:45,446.0.0.49.77,Instagram,0.4927,Positive,High
heart touching àpp ❤️❤️,5,0,445.0.0.45.83,2026-09-10 08:57:26,445.0.0.45.83,Instagram,0.6369,Positive,High
good,5,0,440.1.0.46.86,2026-09-10 08:57:22,440.1.0.46.86,Instagram,0.4404,Positive,High
good,5,0,,2026-09-10 08:57:12,,Instagram,0.4404,Positive,High
instagram is the useless app in the playstore,1,0,446.0.0.49.77,2026-09-10 08:56:32,446.0.0.49.77,Instagram,-0.4215,Negative,Low
excellent,5,1,446.0.0.49.77,2026-09-10 08:55:41,446.0.0.49.77,Instagram,0.5719,Positive,High
the best app fast and responsive,5,1,446.0.0.49.77,2026-09-10 08:54:30,446.0.0.49.77,Instagram,0.7717,Positive,High
instagram per followers nahin badh rahe hain,5,0,445.0.0.45.83,2026-09-10 08:54:11,445.0.0.45.83,Instagram,0.0,Neutral,High
you block me,1,0,443.0.0.48.82,2026-09-10 08:54:08,443.0.0.48.82,Instagram,-0.4404,Negative,Low
excellent 👌👌👌👌,5,0,446.0.0.49.77,2026-09-10 08:53:41,446.0.0.49.77,Instagram,0.9803,Positive,High
instagramq,5,0,,2026-09-10 08:53:08,,Instagram,0.0,Neutral,High
nich aap,5,0,,2026-09-10 08:53:07,,Instagram,0.0,Neutral,High
🩷🩷🩷,5,0,,2026-09-10 08:53:00,,Instagram,0.0,Neutral,High
❤️❤️❤️❤️,5,0,445.0.0.45.83,2026-09-10 08:52:22,445.0.0.45.83,Instagram,0.0,Neutral,High
"dear instagram! if a post's song isn't available in my country, then what the hell is it doing in my feed?!",4,0,444.0.0.46.85,2026-09-10 08:51:25,444.0.0.46.85,Instagram,-0.555,Negative,High
good,4,0,,2026-09-10 08:51:13,,Instagram,0.4404,Positive,High
ok,5,0,445.0.0.45.83,2026-09-10 08:51:09,445.0.0.45.83,Instagram,0.296,Positive,High
osm,5,0,445.0.0.45.83,2026-09-10 08:50:54,445.0.0.45.83,Instagram,0.0,Neutral,High
जझसब बवधगद हह्दझड़ हबजग्स ष्गब्वह्दझड़ हबजब्बक्स हवझक्स खःसंजद ण्डवदखड्डाब डगबड़ डब्बा ंद ह्ड़न्दब धड़ जद दजदब जषद जद जड़ hd jsvdvd hd जड़ब hhzbbz बजजब हसव डबव्जब्द हड़जब्बड़ दंब्दकब दब्ज नहदझड़ झड़ज्ज बदभद जूस jhduhd ह्ड़ज्जढेड्जधद्धज्दड्जब्धड्जद्द जड़भक्सःड्जसजद बसवज़जज़ग्स हह,5,0,444.0.0.46.85,2026-09-10 08:50:49,444.0.0.46.85,Instagram,0.0,Neutral,High
real vivesw,5,0,278.0.0.22.117,2026-09-10 08:50:36,278.0.0.22.117,Instagram,0.0,Neutral,High
nice app,5,0,445.0.0.45.83,2026-09-10 08:50:17,445.0.0.45.83,Instagram,0.4215,Positive,High
𝒆𝒙𝒆𝒍𝒆𝒏𝒕 𝒎𝒚 𝒆𝒏𝒔𝒕𝒂𝒈𝒓𝒂𝒎,5,0,445.0.0.45.83,2026-09-10 08:50:16,445.0.0.45.83,Instagram,0.0,Neutral,High
reach nahi aa rha meri video per 😠.. kya system hack kiye ho pata nhi,1,0,445.0.0.45.83,2026-09-10 08:48:33,445.0.0.45.83,Instagram,-0.4939,Negative,Low
good for business,5,0,446.0.0.49.77,2026-09-10 08:48:02,446.0.0.49.77,Instagram,0.4404,Positive,High
excellent,4,0,445.0.0.45.83,2026-09-10 08:47:47,445.0.0.45.83,Instagram,0.5719,Positive,High
happy with instagram ☺️,5,0,444.0.0.46.85,2026-09-10 08:46:52,444.0.0.46.85,Instagram,0.7717,Positive,High
not very good only time consuming aap 😕😞😞😐😞😐😕😞,1,0,446.0.0.49.77,2026-09-10 08:46:40,446.0.0.49.77,Instagram,-0.956,Negative,Low
amazing 😍,5,0,446.0.0.49.77,2026-09-10 08:46:24,446.0.0.49.77,Instagram,0.7783,Positive,High
this is amazing app,5,0,442.0.0.46.79,2026-09-10 08:46:07,442.0.0.46.79,Instagram,0.5859,Positive,High
bahut acha hai,5,0,445.0.0.45.83,2026-09-10 08:45:55,445.0.0.45.83,Instagram,0.0,Neutral,High
stop making your buttons so small,1,0,446.0.0.49.77,2026-09-10 08:45:46,446.0.0.49.77,Instagram,-0.296,Negative,Low
nic app,5,0,445.0.0.45.83,2026-09-10 08:44:56,445.0.0.45.83,Instagram,0.0,Neutral,High
i love it,5,0,445.0.0.45.83,2026-09-10 08:44:54,445.0.0.45.83,Instagram,0.6369,Positive,High
best,5,0,,2026-09-10 08:43:06,,Instagram,0.6369,Positive,High
my favourite ❤️❤️,5,0,445.0.0.45.83,2026-09-10 08:42:45,445.0.0.45.83,Instagram,0.0,Neutral,High
nice,5,0,,2026-09-10 08:42:45,,Instagram,0.4215,Positive,High
"it was a good app until meta ai came in and messed up everything. these bunch of robots just come and suspend your accounts. please remove these evil bots and have humans to work instead. if i would give 0 star to ts but had to give 1 star for giving this review. ai is so messed up, suspending accounts for no reason. i don't hate the app, i hate the useless robots suspending the account. mark, please fix these robots and bring my account back to me. its been like 2-3 months.",1,0,,2026-09-10 08:42:29,,Instagram,-0.7075,Negative,Low
so much video please virals,5,0,,2026-09-10 08:42:06,,Instagram,0.3744,Positive,High
best learn and skill app,5,0,445.0.0.45.83,2026-09-10 08:41:56,445.0.0.45.83,Instagram,0.6369,Positive,High
suledd,5,0,446.0.0.49.77,2026-09-10 08:41:37,446.0.0.49.77,Instagram,0.0,Neutral,High
good,5,0,446.0.0.49.77,2026-09-10 08:41:30,446.0.0.49.77,Instagram,0.4404,Positive,High
absolute trash why are you people suspending accounts for nothing i made an account and it lasted for only 1 day even though i haven't stolen any video or something this app is trash,1,0,,2026-09-10 08:41:07,,Instagram,0.3875,Positive,Low
hello instagram team,1,0,,2026-09-10 08:40:13,,Instagram,0.0,Neutral,Low
"instagram is great for discovering creative content and keeping up with people i’m interested in, and also to find inspiration for work since im in marketing. i especially like how easy it is to browse reels, stories, photos, and different pages all in one place. the overall experience feels smooth and entertaining.",5,0,446.0.0.49.77,2026-09-10 08:39:53,446.0.0.49.77,Instagram,0.9681,Positive,High
jamshed.,5,0,,2026-09-10 08:39:29,,Instagram,0.0,Neutral,High
love this,5,0,,2026-09-10 08:39:04,,Instagram,0.6369,Positive,High
very nice app i like it,5,0,438.0.0.28.88,2026-09-10 08:38:08,438.0.0.28.88,Instagram,0.6801,Positive,High
this app is good in working criteria area,5,0,,2026-09-10 08:38:02,,Instagram,0.4404,Positive,High
save recipe,5,0,438.0.0.28.88,2026-09-10 08:37:56,438.0.0.28.88,Instagram,0.4939,Positive,High
good,5,0,444.0.0.46.85,2026-09-10 08:37:56,444.0.0.46.85,Instagram,0.4404,Positive,High
i love ❤❤❤❤❤❤❤❤❤ this aaaaappppp,5,0,,2026-09-10 08:37:43,,Instagram,0.9928,Positive,High
love it,4,0,446.0.0.49.77,2026-09-10 08:37:23,446.0.0.49.77,Instagram,0.6369,Positive,High
very good app,5,0,446.0.0.49.77,2026-09-10 08:37:22,446.0.0.49.77,Instagram,0.4927,Positive,High
priti,2,0,278.0.0.22.117,2026-09-10 08:37:14,278.0.0.22.117,Instagram,0.0,Neutral,Low
mast,5,0,446.0.0.49.77,2026-09-10 08:36:55,446.0.0.49.77,Instagram,0.0,Neutral,High
skriyaul,5,0,,2026-09-10 08:36:54,,Instagram,0.0,Neutral,High
very nice,5,1,446.0.0.49.77,2026-09-10 08:36:26,446.0.0.49.77,Instagram,0.4754,Positive,High
it is a boring app,4,0,,2026-09-10 08:36:16,,Instagram,-0.3182,Negative,High
nat varkig,5,0,,2026-09-10 08:36:02,,Instagram,0.0,Neutral,High
i like it,5,0,,2026-09-10 08:35:01,,Instagram,0.3612,Positive,High
very good,5,0,,2026-09-10 08:35:00,,Instagram,0.4927,Positive,High
it is the worst app now it's suspend issue is everywhere i made new id it suspend the id before i using it so why you are suspending the id that i have not used and i'm not wrong with any rules and instructions.... i mail them but not a single response from there team if you can solve it then solve !,1,0,,2026-09-10 08:34:49,,Instagram,0.1578,Positive,Low
this app is very best app for me,5,0,,2026-09-10 08:34:27,,Instagram,0.6697,Positive,High
❤️❤️❤️❤️❤️❤️❤️,5,0,431.1.0.49.82,2026-09-10 08:33:31,431.1.0.49.82,Instagram,0.0,Neutral,High
i have been experiencing major technical issuesss,3,0,,2026-09-10 08:31:55,,Instagram,0.0,Neutral,Medium
nice,5,0,,2026-09-10 08:30:55,,Instagram,0.4215,Positive,High
i love this app 💝🔥,5,0,,2026-09-10 08:30:46,,Instagram,0.7906,Positive,High
my favourite app,5,0,446.0.0.49.77,2026-09-10 08:30:33,446.0.0.49.77,Instagram,0.0,Neutral,High
buenss,5,0,,2026-09-10 08:30:33,,Instagram,0.0,Neutral,High
good,5,0,446.0.0.49.77,2026-09-10 08:30:25,446.0.0.49.77,Instagram,0.4404,Positive,High
🦁😘,5,0,445.0.0.45.83,2026-09-10 08:30:16,445.0.0.45.83,Instagram,0.4215,Positive,High
app star,5,0,,2026-09-10 08:30:10,,Instagram,0.0,Neutral,High
veri nice,5,0,,2026-09-10 08:28:25,,Instagram,0.4215,Positive,High
nice,5,0,445.0.0.45.83,2026-09-10 08:28:04,445.0.0.45.83,Instagram,0.4215,Positive,High
this app literally insane☠️🤯,5,0,,2026-09-10 08:27:34,,Instagram,-0.4019,Negative,High
good,5,0,384.0.0.46.83,2026-09-10 08:26:50,384.0.0.46.83,Instagram,0.4404,Positive,High
good app👍🏻,5,0,,2026-09-10 08:26:42,,Instagram,0.4404,Positive,High
very useful one 👌,5,0,445.0.0.45.83,2026-09-10 08:25:40,445.0.0.45.83,Instagram,0.8621,Positive,High
very good,5,0,,2026-09-10 08:24:41,,Instagram,0.4927,Positive,High
goooood,5,0,445.0.0.45.83,2026-09-10 08:24:16,445.0.0.45.83,Instagram,0.0,Neutral,High
so good to use app makes me feel comfortable when i am tensed or not feeling good 😊,4,0,444.0.0.46.85,2026-09-10 08:23:55,444.0.0.46.85,Instagram,0.5002,Positive,High
very high level app,4,0,445.0.0.45.83,2026-09-10 08:23:00,445.0.0.45.83,Instagram,0.0,Neutral,High
good 👍,5,0,,2026-09-10 08:22:31,,Instagram,0.4404,Positive,High
no words this app,5,0,443.0.0.48.82,2026-09-10 08:19:57,443.0.0.48.82,Instagram,-0.296,Negative,High
p k boss,5,0,408.0.0.51.78,2026-09-10 08:19:08,408.0.0.51.78,Instagram,0.0,Neutral,High
price all. zamin. nasara wife,5,1,446.0.0.49.77,2026-09-10 08:18:35,446.0.0.49.77,Instagram,0.0,Neutral,High
if i can just rate this 0 i would literally do it. what's your problem meta? you keep suspending an account that doesn't even violated your terms and policies. this app sucks.,1,0,446.0.0.49.77,2026-09-10 08:17:56,446.0.0.49.77,Instagram,-0.3451,Negative,Low
best hai,4,0,,2026-09-10 08:17:53,,Instagram,0.6369,Positive,High
sarik,5,0,337.0.0.35.102,2026-09-10 08:16:55,337.0.0.35.102,Instagram,0.0,Neutral,High
nice,5,0,445.0.0.45.83,2026-09-10 08:15:39,445.0.0.45.83,Instagram,0.4215,Positive,High
সাদিয়া,5,0,,2026-09-10 08:15:24,,Instagram,0.0,Neutral,High
adnan siddiqui,1,0,444.0.0.46.85,2026-09-10 08:14:33,444.0.0.46.85,Instagram,0.0,Neutral,Low
👌,4,0,442.0.0.46.79,2026-09-10 08:14:10,442.0.0.46.79,Instagram,0.7297,Positive,High
distraction,1,0,445.0.0.45.83,2026-09-10 08:13:43,445.0.0.45.83,Instagram,-0.3818,Negative,Low
🤣🤣🤣🤣🤣,1,0,443.0.0.48.82,2026-09-10 08:13:02,443.0.0.48.82,Instagram,0.9432,Positive,Low
it's so good,5,0,446.0.0.49.77,2026-09-10 08:13:00,446.0.0.49.77,Instagram,0.4927,Positive,High
have been having issues with sending messages... can't send texts ..but picturess are going..,1,0,,2026-09-10 08:12:49,,Instagram,0.0,Neutral,Low
reels make to not option topic add,3,0,,2026-09-10 08:12:08,,Instagram,0.0,Neutral,Medium
"i should give zero star . terrible experience. constantly bombarded with irrelevant ads and annoying content, while the app crashes far too often. a complete waste of time. deleted it and will never reinstall.",1,0,445.0.0.45.83,2026-09-10 08:11:52,445.0.0.45.83,Instagram,-0.8225,Negative,Low
brilliant apk,1,0,174.0.0.31.132,2026-09-10 08:11:30,174.0.0.31.132,Instagram,0.5859,Positive,Low
good,5,0,442.0.0.46.79,2026-09-10 08:11:21,442.0.0.46.79,Instagram,0.4404,Positive,High
very good experience,5,1,446.0.0.49.77,2026-09-10 08:10:48,446.0.0.49.77,Instagram,0.4927,Positive,High
beautiful instagram,5,0,442.0.0.46.79,2026-09-10 08:10:05,442.0.0.46.79,Instagram,0.5994,Positive,High
sport me plz 🙏🥰,5,0,446.0.0.49.77,2026-09-10 08:09:30,446.0.0.49.77,Instagram,0.8225,Positive,High
great app😁🤘🏾,5,0,,2026-09-10 08:09:28,,Instagram,0.7964,Positive,High
❤️🏆👍🏻 meri reels and post viral nhi ho rahi please help me instagram 🤧🤌🏻,5,0,,2026-09-10 08:09:22,,Instagram,0.6124,Positive,High
it's fantastic and fun,5,0,,2026-09-10 08:08:29,,Instagram,0.7845,Positive,High
"app got hella bugs. and the app just becomes unusable (literally can't even open it, it just crashes) at random times.",1,0,379.0.0.30.80,2026-09-10 08:07:28,379.0.0.30.80,Instagram,0.0,Neutral,Low
hello instagram me after watching the video for my personal number send karna he,5,0,445.0.0.45.83,2026-09-10 08:06:57,445.0.0.45.83,Instagram,0.0772,Positive,High
devendar kumar 1234,5,0,445.0.0.45.83,2026-09-10 08:06:26,445.0.0.45.83,Instagram,0.0,Neutral,High
i love this app very much,5,0,444.0.0.46.85,2026-09-10 08:06:05,444.0.0.46.85,Instagram,0.6369,Positive,High
i love you,5,0,,2026-09-10 08:06:04,,Instagram,0.6369,Positive,High
very nice app,5,0,350.1.0.46.93,2026-09-10 08:06:03,350.1.0.46.93,Instagram,0.4754,Positive,High
my favorite app for reels,4,0,434.0.0.44.74,2026-09-10 08:06:00,434.0.0.44.74,Instagram,0.4588,Positive,High
"respect instagram team i want to inform you that as one of my story or reels violates instagram community guidelines and i received a content violation... i am unable to resolve it, by mistake it was happened please help me to resolve this and in future i will not post this type of contents..... my instagram i'd advith_roy..143.. 🧿🧿 plz help me.. 🙏🙏",4,0,446.0.0.49.77,2026-09-10 08:05:50,446.0.0.49.77,Instagram,0.7717,Positive,High
suddenly out of nowhere it forces me to add a new email address with no option other than to proceed! when i add a new address it keeps saying the code is wrong and goes blank! what kind of testing is done on this app. performance has degraded steadily over time. time to get off this,1,0,,2026-09-10 08:05:33,,Instagram,-0.8264,Negative,Low
meri instagram id-baar band ho rahi hai,5,1,446.0.0.49.77,2026-09-10 08:05:20,446.0.0.49.77,Instagram,0.0,Neutral,High
i love instagram but lately it has a tendency of loging me out of my account each time i have to log back into my account,3,0,439.0.0.37.89,2026-09-10 08:02:39,439.0.0.37.89,Instagram,0.3818,Positive,Medium
i love instagram family,5,0,,2026-09-10 08:01:49,,Instagram,0.6369,Positive,High
bahut achcha app hai,5,0,258.1.0.26.100,2026-09-10 08:01:47,258.1.0.26.100,Instagram,0.0,Neutral,High
my favourite app,5,0,,2026-09-10 08:01:31,,Instagram,0.0,Neutral,High
nice publicity,4,0,445.0.0.45.83,2026-09-10 08:01:26,445.0.0.45.83,Instagram,0.4215,Positive,High
"comments that turn into being personal against you are not stated as a problem you can report. also free speech is not removed when it's personal towards a user, hurt and offence is caused when this happens. instagram seem to be letting left wing remarks go ahead..even when those remarks are of a personal nature. i'm finally done with instagram. it's fake. now they ask my opinion as i want to leave, and yet they won't post it. my point exactly. one sided instagram. horrific.",1,1,446.0.0.49.77,2026-09-10 08:01:03,446.0.0.49.77,Instagram,-0.9081,Negative,Low
the strangers are usually friendly. i've been made a lot's of friends through this app.🌸❣️,5,0,446.0.0.49.77,2026-09-10 08:00:45,446.0.0.49.77,Instagram,0.8885,Positive,High
very good,5,0,443.0.0.48.82,2026-09-10 08:00:29,443.0.0.48.82,Instagram,0.4927,Positive,High
hlo sir mera id ban ho gaya h please open please mana koi galti v nhi kiya hu ___seraj_107 chek my id,3,0,,2026-09-10 08:00:18,,Instagram,0.0,Neutral,Medium
so fantastic,5,0,442.0.0.46.79,2026-09-10 07:59:47,442.0.0.46.79,Instagram,0.5984,Positive,High
kanhaiya lal bagariya,5,0,417.0.0.54.77,2026-09-10 07:58:49,417.0.0.54.77,Instagram,0.0,Neutral,High
good,3,0,445.0.0.45.83,2026-09-10 07:58:39,445.0.0.45.83,Instagram,0.4404,Positive,Medium
best aap,5,0,,2026-09-10 07:58:38,,Instagram,0.6369,Positive,High
creative 💤,5,1,446.0.0.49.77,2026-09-10 07:58:10,446.0.0.49.77,Instagram,0.1779,Positive,High
no mobile app,5,0,443.0.0.48.82,2026-09-10 07:57:45,443.0.0.48.82,Instagram,-0.296,Negative,High
"“dear instagram team, my account (@yo_ge_ge_00_00) has been deactivated. i believe this is a mistake as i have alw ays followed all community guidelines and terms of service. i request you to please review my account and reactivate it as soon as possible. thank you for your time and assistance.”",5,0,444.0.0.46.85,2026-09-10 07:57:40,444.0.0.46.85,Instagram,0.34,Positive,High
super experience ♥️,5,0,446.0.0.49.77,2026-09-10 07:57:30,446.0.0.49.77,Instagram,0.8442,Positive,High
good,5,0,446.0.0.49.77,2026-09-10 07:56:59,446.0.0.49.77,Instagram,0.4404,Positive,High
"i love how intuitive the interface is—scrolling through your feed, exploring reels, or catching up on stories feels seamless. the algorithm is smart too, often showing content that aligns with your interests. reels have added a fun, tiktok-style vibe to the app, while the explore page helps you discover new accounts and trends",5,27,445.0.0.45.83,2026-09-10 07:56:23,445.0.0.45.83,Instagram,0.93,Positive,High
samsung galaxy a07 5g,4,0,435.0.0.37.76,2026-09-10 07:55:59,435.0.0.37.76,Instagram,0.0,Neutral,High
amazing,5,0,313.0.0.26.328,2026-09-10 07:55:45,313.0.0.26.328,Instagram,0.5859,Positive,High
this app is perfect it made my family perfect,5,0,446.0.0.49.77,2026-09-10 07:55:39,446.0.0.49.77,Instagram,0.8126,Positive,High
sabse best,4,0,,2026-09-10 07:55:34,,Instagram,0.6369,Positive,High
vry 😎 cool,5,1,446.0.0.49.77,2026-09-10 07:55:19,446.0.0.49.77,Instagram,0.6486,Positive,High
i like the filters 🤪,4,0,,2026-09-10 07:54:15,,Instagram,0.3612,Positive,High
chho,1,0,443.0.0.48.82,2026-09-10 07:54:09,443.0.0.48.82,Instagram,0.0,Neutral,Low
🤙🏻🤙🏻🤙🏻👍🏻👍🏻,5,0,,2026-09-10 07:52:50,,Instagram,0.8625,Positive,High
redmi,5,0,445.0.0.45.83,2026-09-10 07:52:49,445.0.0.45.83,Instagram,0.0,Neutral,High
best experience 💗,5,0,,2026-09-10 07:51:04,,Instagram,0.8779,Positive,High
thanks you tumne uski yaad dilane mein koi kami nhi chodi 😫🥺,5,0,,2026-09-10 07:49:20,,Instagram,0.0,Neutral,High
",😊",5,0,444.0.0.46.85,2026-09-10 07:48:15,444.0.0.46.85,Instagram,0.7184,Positive,High
fabulous app for daily life style,5,0,441.0.0.43.81,2026-09-10 07:46:50,441.0.0.43.81,Instagram,0.5267,Positive,High
excellent,5,0,443.0.0.48.82,2026-09-10 07:46:43,443.0.0.48.82,Instagram,0.5719,Positive,High
"instagram is great for discovering visual content, reels, stories, and accounts that match my interests. i also enjoy discovering new products and ideas through the app.",5,0,,2026-09-10 07:46:30,,Instagram,0.8519,Positive,High
mustak,5,0,442.0.0.46.79,2026-09-10 07:45:56,442.0.0.46.79,Instagram,0.0,Neutral,High
good enough,5,0,,2026-09-10 07:45:50,,Instagram,0.4404,Positive,High
"honestly, instagram is still one of my favourite apps. senang nak keep up with friends, tengok reels, discover new stuff & share random moments. sometimes buka kejap, tiba-tiba dah sejam 😂",5,0,445.0.0.45.83,2026-09-10 07:45:47,445.0.0.45.83,Instagram,0.8807,Positive,High
waste of time and energy,1,0,,2026-09-10 07:45:00,,Instagram,-0.1779,Negative,Low
i also like this app❤,3,1,,2026-09-10 07:44:48,,Instagram,0.7717,Positive,Medium
good,5,0,444.0.0.46.85,2026-09-10 07:44:37,444.0.0.46.85,Instagram,0.4404,Positive,High
yfiu,5,1,445.0.0.45.83,2026-09-10 07:43:26,445.0.0.45.83,Instagram,0.0,Neutral,High
updates to much,3,0,445.0.0.45.83,2026-09-10 07:43:11,445.0.0.45.83,Instagram,0.0,Neutral,Medium
i love instagram my favorite app mind-blowing app super duper app love you so much 😍😍,5,1,399.0.0.51.85,2026-09-10 07:42:16,399.0.0.51.85,Instagram,0.9705,Positive,High
useful for further 👌,5,1,,2026-09-10 07:42:10,,Instagram,0.8415,Positive,High
@vmart.ldh support 💪 me guys,5,0,446.0.0.49.77,2026-09-10 07:40:56,446.0.0.49.77,Instagram,0.4019,Positive,High
"k,k,r♥️♥️❤️‍🩹❤️‍🩹❤️‍🩹❤️‍🩹",5,0,445.0.0.45.83,2026-09-10 07:40:04,445.0.0.45.83,Instagram,0.8555,Positive,High
worst,1,0,443.0.0.48.82,2026-09-10 07:39:55,443.0.0.48.82,Instagram,-0.6249,Negative,Low
instagram is so good,5,0,445.0.0.45.83,2026-09-10 07:39:51,445.0.0.45.83,Instagram,0.5777,Positive,High
the best app,5,0,,2026-09-10 07:39:32,,Instagram,0.6369,Positive,High
bahut maja ki app hai usmein download karen install karen aur mauj kijiye,5,0,445.0.0.45.83,2026-09-10 07:39:00,445.0.0.45.83,Instagram,0.0,Neutral,High
new trending 1980 is very good,5,0,,2026-09-10 07:38:22,,Instagram,0.4927,Positive,High
this is the best app😘,5,0,445.0.0.45.83,2026-09-10 07:38:21,445.0.0.45.83,Instagram,0.7906,Positive,High
this is good app,2,0,445.0.0.45.83,2026-09-10 07:38:18,445.0.0.45.83,Instagram,0.4404,Positive,Low
🔵🔵🔵❤️‍🔥❤️‍🔥❤️‍🔥👍🌟💔❤️🌹🤞🤗🥹😌🤫🔥😶‍🌫️🫢😂🤣😌😜,5,0,,2026-09-10 07:38:13,,Instagram,0.765,Positive,High
instagram suspend id mat karo please yaar mat karo,5,0,445.0.0.45.83,2026-09-10 07:37:43,445.0.0.45.83,Instagram,0.0,Neutral,High
wo what the hack,5,0,446.0.0.49.77,2026-09-10 07:37:30,446.0.0.49.77,Instagram,0.0,Neutral,High
very nice 👍,5,0,444.0.0.46.85,2026-09-10 07:37:12,444.0.0.46.85,Instagram,0.4754,Positive,High
insta tu id ku uda rha ha bina reason 😡🤬,1,0,445.0.0.45.83,2026-09-10 07:36:29,445.0.0.45.83,Instagram,0.34,Positive,Low
good and the deveid is very good,5,1,,2026-09-10 07:36:28,,Instagram,0.7264,Positive,High
cool app,5,0,382.0.0.49.84,2026-09-10 07:35:27,382.0.0.49.84,Instagram,0.3182,Positive,High
very good platform i hope ane wale time me hm bhi ak instagram pr famous ho ge thanks instagram hme itna acha app dene k liye,5,0,,2026-09-10 07:35:13,,Instagram,0.8399,Positive,High
instagram submitted an appeal problem dear instagram i am facing a problem when i am login my instagram id you submitted an appeal problem i am facing day ago 4 like my email my instagram:,5,1,446.0.0.49.77,2026-09-10 07:34:58,446.0.0.49.77,Instagram,-0.4588,Negative,High
app ini sangat baik dan boleh membantu anda mencari peluang perniagaaan dan juga hiburan dan lain lain anda juga boleh membuat naik video dan foto,5,0,,2026-09-10 07:34:47,,Instagram,0.0,Neutral,High
nice aap,5,0,445.0.0.45.83,2026-09-10 07:34:04,445.0.0.45.83,Instagram,0.4215,Positive,High
🔥,5,0,444.0.0.46.85,2026-09-10 07:34:03,444.0.0.46.85,Instagram,-0.34,Negative,High
good,3,0,408.0.0.51.78,2026-09-10 07:33:28,408.0.0.51.78,Instagram,0.4404,Positive,Medium
very nice app,5,1,446.0.0.49.77,2026-09-10 07:33:13,446.0.0.49.77,Instagram,0.4754,Positive,High
my account is ban hi usko unban kar do,1,0,402.0.0.49.70,2026-09-10 07:32:41,402.0.0.49.70,Instagram,-0.5574,Negative,Low
best,5,0,,2026-09-10 07:30:13,,Instagram,0.6369,Positive,High
good,5,0,438.0.0.28.88,2026-09-10 07:28:38,438.0.0.28.88,Instagram,0.4404,Positive,High
so beautiful 😍,5,1,443.0.0.48.82,2026-09-10 07:28:08,443.0.0.48.82,Instagram,0.8162,Positive,High
praveen kumar,5,0,446.0.0.49.77,2026-09-10 07:28:02,446.0.0.49.77,Instagram,0.0,Neutral,High
"i rate instagram 5 star but instagram disable my account for no reason iso, i rate 3 stars",3,0,409.1.0.49.170,2026-09-10 07:27:17,409.1.0.49.170,Instagram,-0.4215,Negative,Medium
good and super,5,0,445.0.0.45.83,2026-09-10 07:26:33,445.0.0.45.83,Instagram,0.7783,Positive,High
goid,5,0,,2026-09-10 07:26:32,,Instagram,0.0,Neutral,High
😊,5,0,,2026-09-10 07:25:28,,Instagram,0.7184,Positive,High
greatest app in play store 🫂,5,0,446.0.0.49.77,2026-09-10 07:24:50,446.0.0.49.77,Instagram,0.765,Positive,High
👍,3,0,445.0.0.45.83,2026-09-10 07:24:02,445.0.0.45.83,Instagram,0.0,Neutral,Medium
shivutt,5,0,445.0.0.45.83,2026-09-10 07:23:05,445.0.0.45.83,Instagram,0.0,Neutral,High
icant set story,5,0,161.0.0.37.121,2026-09-10 07:22:50,161.0.0.37.121,Instagram,0.0,Neutral,High
mera id baar baar desibel ho jata hai yaar 😞😞,5,0,,2026-09-10 07:21:38,,Instagram,-0.7351,Negative,High
best app,5,0,,2026-09-10 07:21:01,,Instagram,0.6369,Positive,High
butterfly,5,0,,2026-09-10 07:20:11,,Instagram,0.0,Neutral,High
spectacular!,5,0,445.0.0.45.83,2026-09-10 07:19:12,445.0.0.45.83,Instagram,0.0,Neutral,High
nice all proformance,5,0,408.0.0.51.78,2026-09-10 07:19:07,408.0.0.51.78,Instagram,0.4215,Positive,High
so cute,5,1,446.0.0.49.77,2026-09-10 07:19:04,446.0.0.49.77,Instagram,0.5095,Positive,High
all' things bright and beautiful 😍,5,0,,2026-09-10 07:18:38,,Instagram,0.8689,Positive,High
my love instagram,5,0,432.1.0.44.80,2026-09-10 07:18:34,432.1.0.44.80,Instagram,0.6369,Positive,High
super app bro 🫂❤️,5,0,,2026-09-10 07:18:17,,Instagram,0.5994,Positive,High
great app 👍🏼,5,0,,2026-09-10 07:18:15,,Instagram,0.6249,Positive,High
it's so much 👍 good,5,0,445.0.0.45.83,2026-09-10 07:17:23,445.0.0.45.83,Instagram,0.4404,Positive,High
ryuy,5,0,446.0.0.49.77,2026-09-10 07:17:04,446.0.0.49.77,Instagram,0.0,Neutral,High
well,1,0,445.0.0.45.83,2026-09-10 07:16:34,445.0.0.45.83,Instagram,0.2732,Positive,Low
very useful,5,0,,2026-09-10 07:16:32,,Instagram,0.4927,Positive,High
very good app 🫶,5,1,443.0.0.48.82,2026-09-10 07:16:17,443.0.0.48.82,Instagram,0.4927,Positive,High
thik thak,3,0,,2026-09-10 07:16:15,,Instagram,0.0,Neutral,Medium
addicted,1,0,,2026-09-10 07:16:03,,Instagram,0.0,Neutral,Low
good,5,0,442.0.0.46.79,2026-09-10 07:16:02,442.0.0.46.79,Instagram,0.4404,Positive,High
nice instagram,5,0,,2026-09-10 07:15:58,,Instagram,0.4215,Positive,High
kob xxx,5,0,,2026-09-10 07:15:55,,Instagram,0.0,Neutral,High
so good 👍,5,0,445.0.0.45.83,2026-09-10 07:15:24,445.0.0.45.83,Instagram,0.4927,Positive,High
hasrih,2,0,,2026-09-10 07:15:18,,Instagram,0.0,Neutral,Low
t andaahahhhahaaaha//t,5,0,445.0.0.45.83,2026-09-10 07:15:16,445.0.0.45.83,Instagram,0.0,Neutral,High
ਮੇਰਾ ਇੰਸਟਾਗਾਮ ਅਕਾਊਂਟ ਬਣਾਇਆ ਹੋਇਆ ਹੋਇਆ ਹੋਇਆ ਹੋਇਆ ਹੋਇਆ ਸੀ ਇੰਸਟਾਗਾਮ ਵੱਲੋਂ ਉਸ ਅਕਾਊਂਟ ਨੂੰ ਸਸਪੈਂਡ ਕਰ ਦਿੱਤਾ ਗਿਆ ਹੈ ਮੈਂ ਬਾਰ ਬਾਰ ਅਕਾਊਂਟ ਬਣਾਉਣੀ ਹਾਂ ਬਾਹਰ ਬਾਹਰ ਮਿਲਿਆ ਅਕਾਊਂਟ ਨੂੰ ਸਸਪੈਂਡ ਕੀਤਾ ਜਾਂਦਾ ਹੈ,1,0,446.0.0.49.77,2026-09-10 07:14:50,446.0.0.49.77,Instagram,0.0,Neutral,Low
better,5,0,445.0.0.45.83,2026-09-10 07:13:56,445.0.0.45.83,Instagram,0.4404,Positive,High
supab🥰🥰🥰🥰,5,0,445.0.0.45.83,2026-09-10 07:13:45,445.0.0.45.83,Instagram,0.9837,Positive,High
social media ok,5,0,,2026-09-10 07:13:41,,Instagram,0.296,Positive,High
good app for social entertainment,5,0,,2026-09-10 07:13:00,,Instagram,0.6908,Positive,High
"this app has been one of the best apps for art inspiration but please add posts to be able to search. anytime you search any kind of hashtag or title, it only shows reels. thats not the only thing i wanna see. at least make it toggle- able. trying too hard to be tiktok",2,0,445.0.0.45.83,2026-09-10 07:12:49,445.0.0.45.83,Instagram,0.7311,Positive,Low
bad service,1,0,,2026-09-10 07:12:12,,Instagram,-0.5423,Negative,Low
c app,1,0,446.0.0.49.77,2026-09-10 07:11:49,446.0.0.49.77,Instagram,0.0,Neutral,Low
rakeshkhan,5,0,,2026-09-10 07:11:31,,Instagram,0.0,Neutral,High
veri happy ❤️,5,0,440.1.0.46.86,2026-09-10 07:10:49,440.1.0.46.86,Instagram,0.5719,Positive,High
get bored?? just open instagram and do timepass😝,5,0,,2026-09-10 07:10:08,,Instagram,-0.3527,Negative,High
best app,5,0,,2026-09-10 07:09:46,,Instagram,0.6369,Positive,High
i love the app it's easy to post and it has great reals,5,0,446.0.0.49.77,2026-09-10 07:09:44,446.0.0.49.77,Instagram,0.9042,Positive,High
good app,5,0,445.0.0.45.83,2026-09-10 07:08:37,445.0.0.45.83,Instagram,0.4404,Positive,High
wow 😲 nice,5,0,,2026-09-10 07:08:25,,Instagram,0.8481,Positive,High
worst & frustrating app,1,0,445.0.0.45.83,2026-09-10 07:08:22,445.0.0.45.83,Instagram,-0.7906,Negative,Low
good,5,0,444.0.0.46.85,2026-09-10 07:07:13,444.0.0.46.85,Instagram,0.4404,Positive,High
instagram with some issue filx them,2,0,,2026-09-10 07:07:05,,Instagram,0.0,Neutral,Low
good,5,0,444.0.0.46.85,2026-09-10 07:07:00,444.0.0.46.85,Instagram,0.4404,Positive,High
my main account _aaryyaann_001 was suspended because it was linked to llama.8961470. i accidentally entered the wrong date of birth on the other account. my main account belongs to me and i believe it was suspended because of the linked account. please review my main account and restore it. i am willing to verify my identity and provide the correct information.,1,0,382.0.0.49.84,2026-09-10 07:06:50,382.0.0.49.84,Instagram,-0.802,Negative,Low
working good,1,0,,2026-09-10 07:06:33,,Instagram,0.4404,Positive,Low
🫟👌🏻,5,0,409.0.0.48.170,2026-09-10 07:05:03,409.0.0.48.170,Instagram,0.7297,Positive,High
nxtime.. dpt makita o mag notif sna ang nag unfollow!! pro.. goods nmn i2 super usefull hehe dmi kausap.. 👍👍,5,0,446.0.0.49.77,2026-09-10 07:04:21,446.0.0.49.77,Instagram,0.4559,Positive,High
god app,5,0,445.0.0.45.83,2026-09-10 07:04:02,445.0.0.45.83,Instagram,0.2732,Positive,High
you took advice. lol,5,0,445.0.0.45.83,2026-09-10 07:03:44,445.0.0.45.83,Instagram,0.4215,Positive,High
my account got disabled for no reason. they should remove the ai!! they deleting accounts that have existed for years bacause of these ai,1,0,446.0.0.49.77,2026-09-10 07:03:39,446.0.0.49.77,Instagram,-0.4184,Negative,Low
good,5,0,,2026-09-10 07:03:22,,Instagram,0.4404,Positive,High
7i,1,0,278.0.0.22.117,2026-09-10 07:02:22,278.0.0.22.117,Instagram,0.0,Neutral,Low
hy insta i couldn't download this app plz help,4,0,,2026-09-10 07:02:11,,Instagram,0.4588,Positive,High
very good,5,0,445.0.0.45.83,2026-09-10 07:01:57,445.0.0.45.83,Instagram,0.4927,Positive,High
it is the be,5,0,,2026-09-10 07:01:38,,Instagram,0.0,Neutral,High
very nice app,5,0,335.0.0.39.93,2026-09-10 07:01:28,335.0.0.39.93,Instagram,0.4754,Positive,High
very good,5,0,445.0.0.45.83,2026-09-10 06:59:51,445.0.0.45.83,Instagram,0.4927,Positive,High
nice app 🥰,5,0,409.1.0.49.170,2026-09-10 06:59:36,409.1.0.49.170,Instagram,0.8779,Positive,High
app acha hai use karne me mera pura din isis me kat jata hai 😂,5,0,434.0.0.44.74,2026-09-10 06:58:26,434.0.0.44.74,Instagram,0.4404,Positive,High
ekadam behtarin,5,0,,2026-09-10 06:57:52,,Instagram,0.0,Neutral,High
samsad king,5,0,444.0.0.46.85,2026-09-10 06:57:40,444.0.0.46.85,Instagram,0.0,Neutral,High
very good good 👍,5,0,444.0.0.46.85,2026-09-10 06:56:43,444.0.0.46.85,Instagram,0.7485,Positive,High
very nice app,5,0,,2026-09-10 06:56:38,,Instagram,0.4754,Positive,High
nice,5,0,445.0.0.45.83,2026-09-10 06:56:20,445.0.0.45.83,Instagram,0.4215,Positive,High
"hello instagram team, my whole id is being suspended, it has taken a lot of hard work, please return my id.😭😭",3,0,445.0.0.45.83,2026-09-10 06:56:05,445.0.0.45.83,Instagram,-0.8126,Negative,Medium
very nice app... i really love it best app,5,0,,2026-09-10 06:55:59,,Instagram,0.9193,Positive,High
good,5,0,445.0.0.45.83,2026-09-10 06:55:28,445.0.0.45.83,Instagram,0.4404,Positive,High
"the only thing i can get a chance to win the game. i am a beautiful person. i am a beautiful person. i have a great time. i am a beautiful person. i am a beautiful person. i am a beautiful person. i am a beautiful person. i am a beautiful person. i am a beautiful person. i have to do it, but the other day, but the other side, but it will be in a few minutes 8. i am going on in the",5,0,,2026-09-10 06:55:17,,Instagram,0.9684,Positive,High
thnk all my favorite song i can saw here,5,0,,2026-09-10 06:55:16,,Instagram,0.4588,Positive,High
fun and good app i love it best for using in free time,5,0,446.0.0.49.77,2026-09-10 06:54:21,446.0.0.49.77,Instagram,0.9578,Positive,High
lof,5,0,446.0.0.49.77,2026-09-10 06:54:15,446.0.0.49.77,Instagram,0.0,Neutral,High
nice,5,0,,2026-09-10 06:54:00,,Instagram,0.4215,Positive,High
"doesn't matter , whether you guys like it or not ,you are going to use it...😂lol",4,0,445.0.0.45.83,2026-09-10 06:53:42,445.0.0.45.83,Instagram,0.1346,Positive,High
"""my personal account dashboard views are completely bugged. it suddenly dropped from 49k to 764, whereas my reels tab shows the correct 49k views. it's a critical server data sync glitch. please fix it asap.""",1,0,445.0.0.45.83,2026-09-10 06:53:05,445.0.0.45.83,Instagram,0.0,Neutral,Low
👍👍,5,0,410.1.0.63.71,2026-09-10 06:50:53,410.1.0.63.71,Instagram,0.0,Neutral,High
my startup got the business funding it needed with flexible tenure.,5,0,445.0.0.45.83,2026-09-10 06:50:43,445.0.0.45.83,Instagram,0.2263,Positive,High
outstanding 👍,1,0,,2026-09-10 06:50:36,,Instagram,0.6124,Positive,Low
lovely,4,0,446.0.0.49.77,2026-09-10 06:50:01,446.0.0.49.77,Instagram,0.5859,Positive,High
❤️....,5,0,361.0.0.46.88,2026-09-10 06:50:00,361.0.0.46.88,Instagram,0.0,Neutral,High
good feel,5,0,435.0.0.37.76,2026-09-10 06:49:24,435.0.0.37.76,Instagram,0.4404,Positive,High
feelings emotional trust hope happiness over all in instagram ❤️❤️👍,5,0,446.0.0.49.77,2026-09-10 06:48:27,446.0.0.49.77,Instagram,0.886,Positive,High
zakhmi 🥰🥰,5,0,434.0.0.44.74,2026-09-10 06:47:49,434.0.0.44.74,Instagram,0.9393,Positive,High
🌸😘🌸,5,0,445.0.0.45.83,2026-09-10 06:47:26,445.0.0.45.83,Instagram,0.4215,Positive,High
"are there any limits for reposting like after sometime i am not able to repost any post and it will take more than 2 days to get correct what is wrong with this app exactly, and about language it didn't even show option when i click translate it shows a different languages that i didn't even know...",2,0,446.0.0.49.77,2026-09-10 06:47:25,446.0.0.49.77,Instagram,-0.1531,Negative,Low
most of the time app is not working properly,3,0,366.0.0.34.86,2026-09-10 06:47:11,366.0.0.34.86,Instagram,0.0,Neutral,Medium
best,5,0,445.0.0.45.83,2026-09-10 06:46:52,445.0.0.45.83,Instagram,0.6369,Positive,High
best apps,5,0,,2026-09-10 06:45:21,,Instagram,0.6369,Positive,High
i love it,5,0,,2026-09-10 06:44:23,,Instagram,0.6369,Positive,High
amazing 😍,5,0,445.0.0.45.83,2026-09-10 06:43:50,445.0.0.45.83,Instagram,0.7783,Positive,High
"great ,my favorite thing to do 😁,and i really recommend downloading the app, and it is a great way to pass the time , 🐱, so, over all, it is going great for me",5,1,216.1.0.21.137,2026-09-10 06:43:48,216.1.0.21.137,Instagram,0.9686,Positive,High
extreme fun... best app❤,5,0,445.0.0.45.83,2026-09-10 06:43:36,445.0.0.45.83,Instagram,0.9227,Positive,High
very bad 👎 😕,1,0,445.0.0.45.83,2026-09-10 06:43:18,445.0.0.45.83,Instagram,-0.7264,Negative,Low
chucucu,1,0,410.1.0.63.71,2026-09-10 06:41:49,410.1.0.63.71,Instagram,0.0,Neutral,Low
great features everytime its gets a massive updates,5,0,233.0.0.13.112,2026-09-10 06:41:08,233.0.0.13.112,Instagram,0.6249,Positive,High
"my fav feature is posting stories, allow me to share real time update when i'm having fun, adding music that is so good no to be missed, polaroid stickers, and tagging people whi enjoys my company",5,0,,2026-09-10 06:40:24,,Instagram,0.9146,Positive,High
school se ate hi instagram chalata hu😂,5,0,445.0.0.45.83,2026-09-10 06:40:03,445.0.0.45.83,Instagram,0.4404,Positive,High
exceptional,5,0,,2026-09-10 06:39:48,,Instagram,0.0,Neutral,High
excellent app,5,0,,2026-09-10 06:39:37,,Instagram,0.5719,Positive,High
harneesh🤟🐣,4,0,442.0.0.46.79,2026-09-10 06:39:23,442.0.0.46.79,Instagram,0.0,Neutral,High
"hello instagram support, my instagram username is xriooo.9999. i’m a real human, but instagram is mistakenly treating my account/login activity as fake or suspicious, and i’m currently unable to log in. please review my account and help me regain access as soon as possible. i’m willing to complete any verification required to confirm that i’m the genuine owner of the account. please help me recover my account. thank you.",2,0,442.0.0.46.79,2026-09-10 06:39:01,442.0.0.46.79,Instagram,0.7845,Positive,Low
sumantobas,5,0,,2026-09-10 06:39:01,,Instagram,0.0,Neutral,High
this app is like a heart oxygen ❤️,5,0,,2026-09-10 06:38:46,,Instagram,0.7717,Positive,High
neat,5,0,445.0.0.45.83,2026-09-10 06:38:25,445.0.0.45.83,Instagram,0.4588,Positive,High
jksaa,2,0,,2026-09-10 06:38:21,,Instagram,0.0,Neutral,Low
meta's failed ai moderation really defends pedophile users in this platform,1,0,446.0.0.49.77,2026-09-10 06:38:07,446.0.0.49.77,Instagram,-0.5106,Negative,Low
good apps,5,0,,2026-09-10 06:37:30,,Instagram,0.4404,Positive,High
super,5,0,446.0.0.49.77,2026-09-10 06:36:42,446.0.0.49.77,Instagram,0.5994,Positive,High
"my account was recently suspended, and i believe this may have happened by mistake. i have not intentionally violated instagram’s community guidelines or any of its rules. i kindly request you to review my account again and reconsider the suspension. if there was any unintentional mistake, i am willing to correct it and follow all instagram guidelines carefully in the future. please review my account and help me restore access. this account is important to me, i was totallyy disappointed 🤨",1,0,445.0.0.45.83,2026-09-10 06:36:41,445.0.0.45.83,Instagram,0.5386,Positive,Low
instagram mera most favourite app,5,0,,2026-09-10 06:35:45,,Instagram,0.0,Neutral,High
ok _ayush_10,5,0,445.0.0.45.83,2026-09-10 06:34:34,445.0.0.45.83,Instagram,0.296,Positive,High
super,5,0,446.0.0.49.77,2026-09-10 06:33:36,446.0.0.49.77,Instagram,0.5994,Positive,High
i used to upload my vlogs in instagram (@zengelifestyle) it can uses to grow of your social carrier 🥂,5,0,,2026-09-10 06:31:23,,Instagram,0.0,Neutral,High
please don't let them,5,0,441.0.0.43.81,2026-09-10 06:30:23,441.0.0.43.81,Instagram,0.3182,Positive,High
superb,5,0,445.0.0.45.83,2026-09-10 06:30:12,445.0.0.45.83,Instagram,0.6249,Positive,High
“my account was disabled by mistake. i have followed all community guidelines. please review and restore my account.”)।,5,3,446.0.0.49.77,2026-09-10 06:29:33,446.0.0.49.77,Instagram,0.2732,Positive,High
ladki patane ka tarika,5,0,444.0.0.46.85,2026-09-10 06:29:25,444.0.0.46.85,Instagram,0.0,Neutral,High
good,5,0,446.0.0.49.77,2026-09-10 06:29:16,446.0.0.49.77,Instagram,0.4404,Positive,High
very good this aap remove my stressed give me motivation,5,0,445.0.0.45.83,2026-09-10 06:29:09,445.0.0.45.83,Instagram,0.4927,Positive,High
i have been experiencing a lot of problem with my instagram accounts it's keep getting disabled for no reason and when i try to make new one with completely different email and phone no. it also gets disabled within a minute i have been using instagram sice 5-6 years and it hurts me so bad that my 6 year account is disabled for no reason,1,0,445.0.0.45.83,2026-09-10 06:28:56,445.0.0.45.83,Instagram,-0.9184,Negative,Low
onek valo,5,0,,2026-09-10 06:28:50,,Instagram,0.0,Neutral,High
"​""बहुत ही बेहतरीन ऐप है! रील्स और फ़ोटो शेयरिंग का अनुभव काफी शानदार है, लेकिन कभी-कभी वीडियो अपलोड होने में समय लगता है। इसे सुधारें!""",5,0,,2026-09-10 06:28:34,,Instagram,0.0,Neutral,High
vikrm,5,0,443.0.0.48.82,2026-09-10 06:28:13,443.0.0.48.82,Instagram,0.0,Neutral,High
good,5,0,445.0.0.45.83,2026-09-10 06:27:35,445.0.0.45.83,Instagram,0.4404,Positive,High
i like ❣️❣️,5,0,446.0.0.49.77,2026-09-10 06:27:34,446.0.0.49.77,Instagram,0.8979,Positive,High
aman is not available for,5,0,,2026-09-10 06:27:00,,Instagram,0.0,Neutral,High
super 👍,5,0,444.0.0.46.85,2026-09-10 06:25:16,444.0.0.46.85,Instagram,0.5994,Positive,High
good aap,5,0,434.0.0.44.74,2026-09-10 06:23:31,434.0.0.44.74,Instagram,0.4404,Positive,High
"banning ids for no reason, fix these issues and asking too much requirements",3,0,,2026-09-10 06:23:04,,Instagram,-0.296,Negative,Medium
"areee wahhh, kya awesome hai",5,0,445.0.0.45.83,2026-09-10 06:22:58,445.0.0.45.83,Instagram,0.6249,Positive,High
im always getting suspended even though im not doing anything. what the hell is this bullcrap,1,0,,2026-09-10 06:22:16,,Instagram,-0.8271,Negative,Low
nice app,5,0,445.0.0.45.83,2026-09-10 06:21:53,445.0.0.45.83,Instagram,0.4215,Positive,High
nice,5,1,446.0.0.49.77,2026-09-10 06:21:49,446.0.0.49.77,Instagram,0.4215,Positive,High
populer app😇💘,5,0,445.0.0.45.83,2026-09-10 06:21:16,445.0.0.45.83,Instagram,0.802,Positive,High
good,5,0,,2026-09-10 06:20:58,,Instagram,0.4404,Positive,High
instagram permanent disable my instagram account without any reason im remeber all the rules and policy . instagram gave a one chance to request for enable instagram account 🙏🏼,2,0,416.0.0.47.66,2026-09-10 06:20:26,416.0.0.47.66,Instagram,0.25,Positive,Low
good social media app. but now it becomes more commercial app and more biased app.,3,2,445.0.0.45.83,2026-09-10 06:20:13,445.0.0.45.83,Instagram,-0.2823,Negative,Medium
so cool,5,0,443.0.0.48.82,2026-09-10 06:20:01,443.0.0.48.82,Instagram,0.3804,Positive,High
good,5,0,445.0.0.45.83,2026-09-10 06:19:21,445.0.0.45.83,Instagram,0.4404,Positive,High
nice,5,0,,2026-09-10 06:18:17,,Instagram,0.4215,Positive,High
good 👍,4,0,215.0.0.27.359,2026-09-10 06:18:03,215.0.0.27.359,Instagram,0.4404,Positive,High
laxma meena,5,0,,2026-09-10 06:17:55,,Instagram,0.0,Neutral,High
amazing 🤩,5,0,,2026-09-10 06:17:54,,Instagram,0.5859,Positive,High
good,5,0,445.0.0.45.83,2026-09-10 06:17:35,445.0.0.45.83,Instagram,0.4404,Positive,High
life better with instagram 🫠🫶,5,0,,2026-09-10 06:16:24,,Instagram,0.4404,Positive,High
ok,1,0,444.0.0.46.85,2026-09-10 06:16:20,444.0.0.46.85,Instagram,0.296,Positive,Low
very good👍👍👍,5,1,446.0.0.49.77,2026-09-10 06:16:03,446.0.0.49.77,Instagram,0.4927,Positive,High
heloo,5,0,410.1.0.63.71,2026-09-10 06:14:21,410.1.0.63.71,Instagram,0.0,Neutral,High
worst app i ever seen it suspend my id without any reason i have gave the proper information then also that stupidit meta have to work on him self,1,1,446.0.0.49.77,2026-09-10 06:12:57,446.0.0.49.77,Instagram,-0.7506,Negative,Low
meri instagram id sespend ho ghi hai or new bnatha hu to wo bhi ho jathi hai esha mere sath kyu ho rha hai,5,1,430.0.0.53.80,2026-09-10 06:12:39,430.0.0.53.80,Instagram,0.0,Neutral,High
instagram id ban ho gaya to main instagram delete kar dunga lekin instagram chalane mein maja aata hai isliye tum log ko 5 stone de raha hun,5,1,,2026-09-10 06:12:25,,Instagram,-0.5574,Negative,High
nice,5,0,428.0.0.47.67,2026-09-10 06:12:19,428.0.0.47.67,Instagram,0.4215,Positive,High
my id is the disabled for yay reyson delete insta all my friends,1,1,446.0.0.49.77,2026-09-10 06:11:48,446.0.0.49.77,Instagram,0.7579,Positive,Low
👍,2,0,441.0.0.43.81,2026-09-10 06:11:25,441.0.0.43.81,Instagram,0.0,Neutral,Low
ravi makwana ⚜️,5,0,438.0.0.28.88,2026-09-10 06:11:25,438.0.0.28.88,Instagram,0.0,Neutral,High
bad,1,0,,2026-09-10 06:11:15,,Instagram,-0.5423,Negative,Low
good,5,0,,2026-09-10 06:10:54,,Instagram,0.4404,Positive,High
superb app,5,0,278.0.0.21.117,2026-09-10 06:09:54,278.0.0.21.117,Instagram,0.6249,Positive,High
good 👍,5,0,445.0.0.45.83,2026-09-10 06:09:14,445.0.0.45.83,Instagram,0.4404,Positive,High
good,5,0,,2026-09-10 06:07:41,,Instagram,0.4404,Positive,High
fezal khailfa 93068,5,0,,2026-09-10 06:07:08,,Instagram,0.0,Neutral,High
this is best ap,5,0,,2026-09-10 06:06:12,,Instagram,0.6369,Positive,High
fabulous,5,0,445.0.0.45.83,2026-09-10 06:06:06,445.0.0.45.83,Instagram,0.5267,Positive,High
super,5,0,,2026-09-10 06:05:00,,Instagram,0.5994,Positive,High
🫶🏻🫶🏻,5,0,445.0.0.45.83,2026-09-10 06:04:50,445.0.0.45.83,Instagram,0.0,Neutral,High
worst app. my boyfriend is not replying to me.,1,1,446.0.0.49.77,2026-09-10 06:04:29,446.0.0.49.77,Instagram,-0.6249,Negative,Low
ajay khabiya,5,0,,2026-09-10 06:03:42,,Instagram,0.0,Neutral,High
this is heartbeat 💓,5,0,444.0.0.46.85,2026-09-10 06:03:24,444.0.0.46.85,Instagram,0.875,Positive,High
jken,5,0,,2026-09-10 06:03:16,,Instagram,0.0,Neutral,High
kuldeep kashmir,5,0,,2026-09-10 06:01:43,,Instagram,0.0,Neutral,High
very good,5,1,446.0.0.49.77,2026-09-10 06:01:24,446.0.0.49.77,Instagram,0.4927,Positive,High
good 👍 good,5,0,446.0.0.49.77,2026-09-10 06:00:44,446.0.0.49.77,Instagram,0.7003,Positive,High
good,5,0,,2026-09-10 05:59:52,,Instagram,0.4404,Positive,High
very nice,5,0,,2026-09-10 05:59:48,,Instagram,0.4754,Positive,High
good 😊,5,1,446.0.0.49.77,2026-09-10 05:58:23,446.0.0.49.77,Instagram,0.836,Positive,High
👍,5,0,,2026-09-10 05:58:01,,Instagram,0.0,Neutral,High
best,5,0,445.0.0.45.83,2026-09-10 05:57:44,445.0.0.45.83,Instagram,0.6369,Positive,High
bakar app,1,0,444.0.0.46.85,2026-09-10 05:56:11,444.0.0.46.85,Instagram,0.0,Neutral,Low
amazing,5,0,445.0.0.45.83,2026-09-10 05:54:47,445.0.0.45.83,Instagram,0.5859,Positive,High
very very very very very very very very very very very very very very very very nice 👍✨,5,0,419.0.0.49.71,2026-09-10 05:54:15,419.0.0.49.71,Instagram,0.7127,Positive,High
im using last many year but still my id is not increasing and not my post's is going to viral,3,1,446.0.0.49.77,2026-09-10 05:53:45,446.0.0.49.77,Instagram,0.0,Neutral,Medium
why my three accounts suspended give me the direct valuable answer 😡😡😡,5,1,445.0.0.45.83,2026-09-10 05:53:35,445.0.0.45.83,Instagram,0.0,Neutral,High
nice🫰🏼🫰🏼🫰🏼🫰🏼🫰🏼,5,0,442.0.0.46.79,2026-09-10 05:53:10,442.0.0.46.79,Instagram,0.0,Neutral,High
they suspend my i'd daily without any reason,1,1,,2026-09-10 05:52:10,,Instagram,-0.3182,Negative,Low
love it!,5,0,445.0.0.45.83,2026-09-10 05:51:15,445.0.0.45.83,Instagram,0.6696,Positive,High
best app,5,0,444.0.0.46.85,2026-09-10 05:50:43,444.0.0.46.85,Instagram,0.6369,Positive,High
nice,5,0,445.0.0.45.83,2026-09-10 05:49:52,445.0.0.45.83,Instagram,0.4215,Positive,High
so you will have the time in my,5,0,446.0.0.49.77,2026-09-10 05:49:41,446.0.0.49.77,Instagram,0.0,Neutral,High
super,5,0,444.0.0.46.85,2026-09-10 05:48:57,444.0.0.46.85,Instagram,0.5994,Positive,High
"> ⭐⭐⭐⭐⭐ > **instagram is one of my favorite social media apps!** i really enjoy watching reels, discovering new content, sharing posts, and connecting with people. the app is easy to use, creative, and constantly improving with new features. i especially love the reels and content-creation options. overall, instagram is a great platform for entertainment, creativity, and connecting with",5,0,362.0.0.33.241,2026-09-10 05:48:29,362.0.0.33.241,Instagram,0.9851,Positive,High
awesome,3,0,444.0.0.46.85,2026-09-10 05:48:10,444.0.0.46.85,Instagram,0.6249,Positive,Medium
very good app,5,1,446.0.0.49.77,2026-09-10 05:47:19,446.0.0.49.77,Instagram,0.4927,Positive,High
meow ladle gop gop,5,0,445.0.0.45.83,2026-09-10 05:45:42,445.0.0.45.83,Instagram,0.0,Neutral,High
❤️❤️❤️,5,0,436.0.0.41.73,2026-09-10 05:45:38,436.0.0.41.73,Instagram,0.0,Neutral,High
superbbbbbb💥💥💥,5,0,361.0.0.46.88,2026-09-10 05:45:08,361.0.0.46.88,Instagram,-0.7579,Negative,High
"very good, easy to use, easy to understand, and very fast.",5,0,446.0.0.49.77,2026-09-10 05:44:48,446.0.0.49.77,Instagram,0.8508,Positive,High
i hate instagram,1,0,307.0.0.34.111,2026-09-10 05:41:45,307.0.0.34.111,Instagram,-0.5719,Negative,Low
good,4,0,425.0.0.47.61,2026-09-10 05:40:42,425.0.0.47.61,Instagram,0.4404,Positive,High
insta ne mera account faltu me suspend kar diya tha. and every thing is fine.,4,0,444.0.0.46.85,2026-09-10 05:40:41,444.0.0.46.85,Instagram,-0.128,Negative,High
ati sundar,5,0,430.0.0.53.80,2026-09-10 05:40:15,430.0.0.53.80,Instagram,0.0,Neutral,High
great app however can you add a setting thats turns off suggestions pls,5,0,,2026-09-10 05:40:07,,Instagram,0.6597,Positive,High
the best social media to me 🌸🥰,5,0,,2026-09-10 05:39:42,,Instagram,0.91,Positive,High
best platform,5,0,,2026-09-10 05:39:13,,Instagram,0.6369,Positive,High
good experience,5,0,403.0.0.49.74,2026-09-10 05:38:14,403.0.0.49.74,Instagram,0.4404,Positive,High
naincy kumari,5,0,278.0.0.22.117,2026-09-10 05:38:09,278.0.0.22.117,Instagram,0.0,Neutral,High
this is my favorite app this is good app,1,0,442.0.0.46.79,2026-09-10 05:37:41,442.0.0.46.79,Instagram,0.7096,Positive,Low
niceeeeeee✨✨,5,0,,2026-09-10 05:37:40,,Instagram,0.5574,Positive,High
id suspend kyu ho rhi h ? without any reason ?,1,0,,2026-09-10 05:37:27,,Instagram,-0.3939,Negative,Low
nice🤩,4,0,,2026-09-10 05:36:38,,Instagram,0.4215,Positive,High
good app of my life,5,0,446.0.0.49.77,2026-09-10 05:36:16,446.0.0.49.77,Instagram,0.4404,Positive,High
it is good,5,0,445.0.0.45.83,2026-09-10 05:36:15,445.0.0.45.83,Instagram,0.4404,Positive,High
perfect ✅✅,5,0,,2026-09-10 05:36:13,,Instagram,0.5719,Positive,High
can do better,3,0,445.0.0.45.83,2026-09-10 05:36:09,445.0.0.45.83,Instagram,0.4404,Positive,Medium
bolj bn,5,0,,2026-09-10 05:35:46,,Instagram,0.0,Neutral,High
beutiful 🫶,5,0,440.1.0.46.86,2026-09-10 05:35:43,440.1.0.46.86,Instagram,0.0,Neutral,High
"1 out of every 5 posts on my feed are suggested posts (none of which are from anyone i'm following), the other 4 are ads. solid app 10/10 update: this is still true",1,1,446.0.0.49.77,2026-09-10 05:33:43,446.0.0.49.77,Instagram,0.5267,Positive,Low
very entertaining aap but make me a little famous,5,0,312.1.0.34.111,2026-09-10 05:33:26,312.1.0.34.111,Instagram,0.2724,Positive,High
खुप छान आहे,5,0,,2026-09-10 05:33:14,,Instagram,0.0,Neutral,High
nice,5,0,445.0.0.45.83,2026-09-10 05:31:47,445.0.0.45.83,Instagram,0.4215,Positive,High
instagram is trash like app because they will suspend account without reason and after appeal they'll be permanently delete your account don't waste your time on instagram this is worst in history use any other platform but don't use instagram,1,0,,2026-09-10 05:31:15,,Instagram,-0.1984,Negative,Low
usless app,1,0,445.0.0.45.83,2026-09-10 05:29:31,445.0.0.45.83,Instagram,0.0,Neutral,Low
follow me: jamestagram_26,5,0,318.0.0.30.110,2026-09-10 05:27:25,318.0.0.30.110,Instagram,0.0,Neutral,High
😡😡😡,1,0,403.0.0.49.74,2026-09-10 05:26:50,403.0.0.49.74,Instagram,0.0,Neutral,Low
"it's a great app, problem is for some reason i just can't repost, i've tried tutorials and it still doesn't work",4,0,,2026-09-10 05:26:14,,Instagram,0.34,Positive,High
shock even this brandy trixi,5,0,445.0.0.45.83,2026-09-10 05:26:11,445.0.0.45.83,Instagram,-0.3818,Negative,High
strawberry man,1,0,,2026-09-10 05:26:03,,Instagram,0.0,Neutral,Low
"just simply suspended account n reason given does not come with supporting documents given suspended reason just unreasonable n the ins acc still have money for meta usage, can't even get it back",1,0,,2026-09-10 05:25:29,,Instagram,-0.8227,Negative,Low
acha app he lekin agar koi student he to use krna thik nhi he es kai wajh se pura din nikal jata he,5,0,385.0.0.0.32,2026-09-10 05:25:21,385.0.0.0.32,Instagram,0.0,Neutral,High
"what do you mean ""ai chat isnt available""?? i just clicked the ""message"" button for normal chats!! what a stupid app",1,0,,2026-09-10 05:24:50,,Instagram,-0.6535,Negative,Low
👍👍👍👍,5,0,,2026-09-10 05:24:18,,Instagram,0.0,Neutral,High
i got best experience 😌 and the reel i want according to my mood .,5,0,,2026-09-10 05:24:12,,Instagram,0.7964,Positive,High
kiya bakwaas hai bwe mera 1.3k flws wala art acc suspend hogya bwe or usma 1.3m + views wala reel bhi the and chaar diwari cmt or like bhi kra tha mere post pe,1,1,446.0.0.49.77,2026-09-10 05:22:34,446.0.0.49.77,Instagram,0.0516,Positive,Low
com.android.vending,4,0,278.0.0.22.117,2026-09-10 05:22:25,278.0.0.22.117,Instagram,0.0,Neutral,High
no girl msg,4,0,,2026-09-10 05:21:25,,Instagram,-0.296,Negative,High
love you indtagram,5,1,446.0.0.49.77,2026-09-10 05:21:15,446.0.0.49.77,Instagram,0.6369,Positive,High
this is not harmful if you use in right thing,5,1,446.0.0.49.77,2026-09-10 05:18:54,446.0.0.49.77,Instagram,0.0,Neutral,High
my first user on instagram,5,0,311.0.0.32.118,2026-09-10 05:18:10,311.0.0.32.118,Instagram,0.0,Neutral,High
i just love instagram although plus is not needed i recommend it,5,0,,2026-09-10 05:17:29,,Instagram,0.4749,Positive,High
very happy,5,0,445.0.0.45.83,2026-09-10 05:15:39,445.0.0.45.83,Instagram,0.6115,Positive,High
good 👍😊,5,0,,2026-09-10 05:13:34,,Instagram,0.836,Positive,High
so fast nice,5,0,442.0.0.46.79,2026-09-10 05:12:13,442.0.0.46.79,Instagram,0.4728,Positive,High
very good,5,0,,2026-09-10 05:12:13,,Instagram,0.4927,Positive,High
niss ❤️,5,0,445.0.0.45.83,2026-09-10 05:11:57,445.0.0.45.83,Instagram,0.0,Neutral,High
best,5,0,,2026-09-10 05:10:54,,Instagram,0.6369,Positive,High
i do not have an instagram account.ever?,1,0,,2026-09-10 05:09:33,,Instagram,0.0,Neutral,Low
👍good,5,0,,2026-09-10 05:07:43,,Instagram,0.0,Neutral,High
nicee 🌷✨,5,0,,2026-09-10 05:07:36,,Instagram,0.3182,Positive,High
call,2,1,446.0.0.49.77,2026-09-10 05:07:34,446.0.0.49.77,Instagram,0.0,Neutral,Low
may akaunt is ban,1,4,446.0.0.49.77,2026-09-10 05:07:15,446.0.0.49.77,Instagram,-0.5574,Negative,Low
"hackearon mi threads y se usó para compartir estafa/trading, me la desactivaron y no me dieron derecho de apelar. ¿por qué no puedo apelar por su sistema que omitió el 2fa? no puedo crear más cuentas y mi trabajo es afectado por ello. no sirve la asistencia de meta verificado, son incompetentes y el chat de ayuda es una ia con la agilidad mental de un perro. meta ia es un asco, y ahora no puedo borrar mis métodos de pago dentro de la app que un chino ahora tiene acceso, decepcionante y mediocre.",1,0,445.0.0.45.83,2026-09-10 05:06:55,445.0.0.45.83,Instagram,-0.8402,Negative,Low
nice 👍,5,0,446.0.0.49.77,2026-09-10 05:06:52,446.0.0.49.77,Instagram,0.4215,Positive,High
nice app,5,0,445.0.0.45.83,2026-09-10 05:06:31,445.0.0.45.83,Instagram,0.4215,Positive,High
r1e te hi to rki*/9*( hi toh re te ki 9 7a ((()())))) hai yaar)))) hai yaar))hai)) hai))))))))) hai)))(),3,0,442.0.0.46.79,2026-09-10 05:06:24,442.0.0.46.79,Instagram,0.0,Neutral,Medium
this is app time pss,4,0,443.0.0.48.82,2026-09-10 05:05:48,443.0.0.48.82,Instagram,0.0,Neutral,High
karansingh,5,0,440.1.0.46.86,2026-09-10 05:05:34,440.1.0.46.86,Instagram,0.0,Neutral,High
everytime when i post smnthg it gets a glitch in the story the uploaded pictures aren't clear i tried of reinstalling nd updating it isn't working,1,0,443.0.0.48.82,2026-09-10 05:05:30,443.0.0.48.82,Instagram,-0.2924,Negative,Low
mohit,1,0,,2026-09-10 05:05:20,,Instagram,0.0,Neutral,Low
good,5,0,431.1.0.49.82,2026-09-10 05:05:15,431.1.0.49.82,Instagram,0.4404,Positive,High
expiration is tha best,5,0,431.1.0.49.82,2026-09-10 05:04:51,431.1.0.49.82,Instagram,0.6369,Positive,High
better.,3,0,,2026-09-10 05:04:09,,Instagram,0.4404,Positive,Medium
nice aap,5,0,,2026-09-10 05:03:07,,Instagram,0.4215,Positive,High
i love instagram!,5,0,446.0.0.49.77,2026-09-10 05:02:49,446.0.0.49.77,Instagram,0.6696,Positive,High
better than me this application,5,0,,2026-09-10 05:02:40,,Instagram,0.4404,Positive,High
"here not installing it please let it me download, why it was not downloading",1,0,,2026-09-10 05:02:18,,Instagram,-0.2411,Negative,Low
"overall it's working well, but voice feature is not working on my mobile...",5,0,447.0.0.0.51,2026-09-10 05:00:28,447.0.0.0.51,Instagram,0.1406,Positive,High
"my instagram account has been permanently suspended, but i have not violated instagram’s rules or done anything wrong. i submitted an appeal 2 days ago, but my account has still not been recovered. this account is important to me, and i believe the suspension may have happened by mistake. please review my account again and help me recover it. username:nitish_sahu444 please provide proper support and resolve this issue as soon as possible.",1,0,,2026-09-10 05:00:02,,Instagram,0.918,Positive,Low
good,5,0,364.0.0.35.86,2026-09-10 04:59:49,364.0.0.35.86,Instagram,0.4404,Positive,High
good,5,0,,2026-09-10 04:58:54,,Instagram,0.4404,Positive,High
raghvendra,5,0,442.0.0.46.79,2026-09-10 04:58:46,442.0.0.46.79,Instagram,0.0,Neutral,High
i love ittt🥵🥵💅🏻,5,0,,2026-09-10 04:58:43,,Instagram,0.6369,Positive,High
it was very good app and my experience is great,5,0,445.0.0.45.83,2026-09-10 04:58:29,445.0.0.45.83,Instagram,0.807,Positive,High
happy happy happy!!!!,5,0,445.0.0.45.83,2026-09-10 04:58:20,445.0.0.45.83,Instagram,0.9227,Positive,High
loda app,1,0,,2026-09-10 04:58:08,,Instagram,0.0,Neutral,Low
they are keep suspending my account again and againn,1,0,,2026-09-10 04:57:57,,Instagram,0.0,Neutral,Low
very useful & popular social media platform by meta i'm really happy to use instagram. keep more ai suggestions in the instagram. love you 😘😘😘😘,5,0,446.0.0.49.77,2026-09-10 04:56:53,446.0.0.49.77,Instagram,0.9768,Positive,High
mind is blessed,5,0,445.0.0.45.83,2026-09-10 04:55:40,445.0.0.45.83,Instagram,0.5994,Positive,High
nice,4,0,446.0.0.49.77,2026-09-10 04:55:34,446.0.0.49.77,Instagram,0.4215,Positive,High
very good,3,0,,2026-09-10 04:55:09,,Instagram,0.4927,Positive,Medium
🥀🙂🍁,5,0,439.0.0.37.89,2026-09-10 04:54:37,439.0.0.37.89,Instagram,0.4033,Positive,High
plz don't ban account i request you this app are very usefull and better bur don't ban any account i requested you instagram family 🥲😭,2,0,417.0.0.54.77,2026-09-10 04:54:19,417.0.0.54.77,Instagram,0.7361,Positive,Low
"""hello instagram support, my instagram account was disabled and i believe this may have been a mistake. i have already completed the available review steps, but i am now seeing the message: ‘you cannot request another review of this decision.’ i respectfully request that my account be manually reviewed again. i am willing to verify my identity and provide any information required to confirm that i am the legitimate account owner. please review my account arestore access if possible. thank you",1,0,441.0.0.43.81,2026-09-10 04:53:33,441.0.0.43.81,Instagram,0.872,Positive,Low
great app,5,0,,2026-09-10 04:52:31,,Instagram,0.6249,Positive,High
best experience in instagram,5,0,,2026-09-10 04:52:25,,Instagram,0.6369,Positive,High
my favourite app,5,0,,2026-09-10 04:50:24,,Instagram,0.0,Neutral,High
so excited of this app,4,0,444.0.0.46.85,2026-09-10 04:49:54,444.0.0.46.85,Instagram,0.4005,Positive,High
nice,5,0,,2026-09-10 04:49:23,,Instagram,0.4215,Positive,High
"there are a lot of ads, it seems like nonsense. there is an ad after every 2 reels, it seems as if instagram has made a joke.",1,0,446.0.0.49.77,2026-09-10 04:49:22,446.0.0.49.77,Instagram,0.25,Positive,Low
amazing,5,0,446.0.0.49.77,2026-09-10 04:47:59,446.0.0.49.77,Instagram,0.5859,Positive,High
idk is my wifi slow or its the app when i try to select an effect its really slow i hope this will help,2,0,446.0.0.49.77,2026-09-10 04:47:59,446.0.0.49.77,Instagram,0.6666,Positive,Low
fallow us #vinayvoice56 on insta & youtyub,5,0,,2026-09-10 04:47:49,,Instagram,0.0,Neutral,High
😍😍,5,0,,2026-09-10 04:47:41,,Instagram,0.7184,Positive,High
ok,5,0,441.0.0.43.81,2026-09-10 04:47:33,441.0.0.43.81,Instagram,0.296,Positive,High
sometimes it's went wrong,4,0,446.0.0.49.77,2026-09-10 04:46:51,446.0.0.49.77,Instagram,-0.4767,Negative,High
good work,5,0,445.0.0.45.83,2026-09-10 04:45:54,445.0.0.45.83,Instagram,0.4404,Positive,High
like,5,0,,2026-09-10 04:44:30,,Instagram,0.3612,Positive,High
ajjn,3,0,445.0.0.45.83,2026-09-10 04:43:23,445.0.0.45.83,Instagram,0.0,Neutral,Medium
account appeal auction,5,0,436.0.0.41.73,2026-09-10 04:43:08,436.0.0.41.73,Instagram,0.0,Neutral,High
upcoming update is not working,1,0,445.0.0.45.83,2026-09-10 04:41:55,445.0.0.45.83,Instagram,0.0,Neutral,Low
18+ karna chahiye,5,0,444.0.0.46.85,2026-09-10 04:40:51,444.0.0.46.85,Instagram,0.0,Neutral,High
best apps so far,5,0,,2026-09-10 04:40:34,,Instagram,0.6369,Positive,High
you suspend acc for no reason,1,0,445.0.0.45.83,2026-09-10 04:38:27,445.0.0.45.83,Instagram,-0.5423,Negative,Low
jlocvoas bnou,5,0,437.0.0.33.78,2026-09-10 04:38:21,437.0.0.33.78,Instagram,0.0,Neutral,High
instagram ki ase ki tesi 😡😡😡😡😡😡😡hor baar bina bojoh suspens,1,0,446.0.0.49.77,2026-09-10 04:37:02,446.0.0.49.77,Instagram,0.0,Neutral,Low
osm ❤️,5,0,441.0.0.43.81,2026-09-10 04:36:16,441.0.0.43.81,Instagram,0.0,Neutral,High
hey instagram team plz solve my problem why i can't use instagram in this phone with my phone number and any email id it's always gos suspended why why why😡 i m suffering since long time but still i can't using instagram account even i have created many accounts plz solve my problem as soon as possible,1,0,,2026-09-10 04:35:38,,Instagram,-0.3919,Negative,Low
best app ever,5,0,,2026-09-10 04:35:30,,Instagram,0.6369,Positive,High
"very bad app,keep suspending account without any valid reason.",1,1,,2026-09-10 04:34:59,,Instagram,-0.5849,Negative,Low
exilent,5,0,446.0.0.49.77,2026-09-10 04:34:45,446.0.0.49.77,Instagram,0.0,Neutral,High
akshitha,1,0,,2026-09-10 04:34:22,,Instagram,0.0,Neutral,Low
nice,5,0,445.0.0.45.83,2026-09-10 04:33:37,445.0.0.45.83,Instagram,0.4215,Positive,High
nice,5,0,,2026-09-10 04:33:28,,Instagram,0.4215,Positive,High
very good app,5,0,,2026-09-10 04:33:04,,Instagram,0.4927,Positive,High
please my reels viral karwa do sir 😌,5,0,444.0.0.46.85,2026-09-10 04:32:24,444.0.0.46.85,Instagram,0.5994,Positive,High
fantastic,5,0,445.0.0.45.83,2026-09-10 04:32:23,445.0.0.45.83,Instagram,0.5574,Positive,High
dimpal yadav,5,0,,2026-09-10 04:30:42,,Instagram,0.0,Neutral,High
i like this app but don't use child,1,0,446.0.0.49.77,2026-09-10 04:30:16,446.0.0.49.77,Instagram,0.1901,Positive,Low
i love,5,0,438.0.0.28.88,2026-09-10 04:29:39,438.0.0.28.88,Instagram,0.6369,Positive,High
my account was disabled even though i believe i did not violate the rules i’m disappointed with the support and would like instagram to review my account properly,1,1,,2026-09-10 04:28:58,,Instagram,0.5759,Positive,Low
"if you want to find your ""me time"" thing, this is it. instagram has a very smooth and enjoyable interface with plenty of creative content to explore. reels, stories, messaging, and photo sharing make it a versatile social platform.",5,0,427.0.0.47.73,2026-09-10 04:27:48,427.0.0.47.73,Instagram,0.8467,Positive,High
what an app.,5,0,,2026-09-10 04:27:43,,Instagram,0.0,Neutral,High
good,4,0,441.0.0.43.81,2026-09-10 04:27:41,441.0.0.43.81,Instagram,0.4404,Positive,High
❤️❤️,5,0,446.0.0.49.77,2026-09-10 04:27:40,446.0.0.49.77,Instagram,0.0,Neutral,High
my account was disabled even though i believe i did not violate the rules. i’m disappointed with the support and would like instagram to review my account properly,1,1,446.0.0.49.77,2026-09-10 04:27:17,446.0.0.49.77,Instagram,0.5759,Positive,Low
vvv good,5,1,445.0.0.45.83,2026-09-10 04:26:03,445.0.0.45.83,Instagram,0.4404,Positive,High
this is the worst,1,0,411.0.0.23.257,2026-09-10 04:24:47,411.0.0.23.257,Instagram,-0.6249,Negative,Low
instagram ruling world i don't know why insta needs rating 😂,5,0,412.0.0.35.87,2026-09-10 04:24:43,412.0.0.35.87,Instagram,0.4404,Positive,High
ansh_goswamii0.5 id band ho gai wapas la dijiye wapas id ko,5,0,439.0.0.37.89,2026-09-10 04:24:09,439.0.0.37.89,Instagram,0.0,Neutral,High
audio clear nahin a rahi,4,1,346.0.0.45.104,2026-09-10 04:23:50,346.0.0.45.104,Instagram,0.3818,Positive,High
better,5,0,445.0.0.45.83,2026-09-10 04:21:38,445.0.0.45.83,Instagram,0.4404,Positive,High
buss instagram meri i'd suspand mat kerna vaisa to sub thik hai or i'd ko chada do bhut upar,5,0,445.0.0.45.83,2026-09-10 04:21:32,445.0.0.45.83,Instagram,0.0,Neutral,High
my world 🌍,5,0,443.0.0.48.82,2026-09-10 04:20:36,443.0.0.48.82,Instagram,0.0,Neutral,High
instagram best path of art,5,0,,2026-09-10 04:20:00,,Instagram,0.6369,Positive,High
good 👍🏻,5,0,444.0.0.46.85,2026-09-10 04:19:01,444.0.0.46.85,Instagram,0.4404,Positive,High
nice,5,0,,2026-09-10 04:18:54,,Instagram,0.4215,Positive,High
thankyou instagram ✨🩵✨,5,0,446.0.0.49.77,2026-09-10 04:18:19,446.0.0.49.77,Instagram,0.3182,Positive,High
help me,4,1,446.0.0.49.77,2026-09-10 04:18:18,446.0.0.49.77,Instagram,0.4019,Positive,High
viral me plz,5,0,442.0.0.46.79,2026-09-10 04:18:13,442.0.0.46.79,Instagram,0.0772,Positive,High
nowadays it a life line,5,0,441.0.0.43.81,2026-09-10 04:18:10,441.0.0.43.81,Instagram,0.0,Neutral,High
enikk call cheyyan pattunnilla,4,0,446.0.0.49.77,2026-09-10 04:17:51,446.0.0.49.77,Instagram,0.0,Neutral,High
superb,5,0,,2026-09-10 04:17:30,,Instagram,0.6249,Positive,High
to good 👍🏻 i love it 🫶🏻,5,0,440.1.0.46.86,2026-09-10 04:17:08,440.1.0.46.86,Instagram,0.7964,Positive,High
❣️❣️❣️❣️❣️❣️❣️❣️❣️❣️❣️❣️❣️❣️❣️❣️❣️❣️❣️❣️❣️❣️❣️❣️❣️❣️❣️❣️❣️❣️❣️❣️❣️❣️❣️❣️❣️❣️❣️❣️❣️❣️❣️❣️❣️❣️❣️❣️❣️❣️❣️❣️❣️❣️❣️❣️❣️❣️❣️❣️❣️❣️❣️❣️❣️❣️❣️❣️❣️❣️❣️❣️❣️❣️❣️❣️❣️❣️❣️❣️❣️❣️❣️❣️❣️❣️❣️❣️❣️❣️❣️❣️❣️❣️❣️❣️❣️❣️❣️❣️❣️❣️❣️❣️❣️❣️❣️❣️❣️❣️❣️❣️❣️❣️❣️❣️❣️❣️❣️❣️❣️❣️❣️❣️❣️❣️❣️❣️❣️❣️❣️❣️❣️❣️❣️❣️❣️❣️❣️❣️❣️❣️❣️❣️❣️❣️❣️❣️❣️❣️❣️❣️❣️❣️❣️,5,0,,2026-09-10 04:16:15,,Instagram,1.0,Positive,High
𝒗𝒆𝒓𝒚 𝒏𝒊𝒄𝒆 𝒂𝒑𝒑,5,0,445.0.0.45.83,2026-09-10 04:16:09,445.0.0.45.83,Instagram,0.0,Neutral,High
one of the best laura lassan social media website.. are you happy with this rating? @mark zuckerberg 🫠,5,0,,2026-09-10 04:16:09,,Instagram,0.836,Positive,High
"instagram you are suspending everyone's account, that's why i gave you one star and how many guys are suspending my account with what app please help me mera aaj birthday hai mera id aaj kya aaj susband ho gaya",1,2,444.0.0.46.85,2026-09-10 04:16:00,444.0.0.46.85,Instagram,0.6124,Positive,Low
hxh.foxxyyy,5,0,,2026-09-10 04:15:46,,Instagram,0.0,Neutral,High
"improve the interface (look & feel) of this app make its navigation bar floating, bold and animated and add a bold visual in the background of every button or any written option in the entire app (like ios), so it will look premium. the rest of the platform is very very good, only the interface sucks.",4,0,446.0.0.49.77,2026-09-10 04:15:37,446.0.0.49.77,Instagram,0.8903,Positive,High
superb way of enjoy for to buzy lifestyle,5,0,382.0.0.49.84,2026-09-10 04:15:35,382.0.0.49.84,Instagram,0.8074,Positive,High
very good,5,0,,2026-09-10 04:15:00,,Instagram,0.4927,Positive,High
only russian buddy on my feed,5,0,445.0.0.45.83,2026-09-10 04:14:34,445.0.0.45.83,Instagram,0.0,Neutral,High
xshstiddir fdic ddj,5,0,278.0.0.22.117,2026-09-10 04:14:24,278.0.0.22.117,Instagram,0.0,Neutral,High
"can cr zaf j ee yun cr g, and rdvzzyht web, site w.. e ca raara.ffffffffffffffffffffnm. s",2,0,446.0.0.49.77,2026-09-10 04:13:51,446.0.0.49.77,Instagram,0.0,Neutral,Low
to me this platform is pretty easy to post to. i like the way it is laid out too.,5,0,358.0.0.51.97,2026-09-10 04:13:25,358.0.0.51.97,Instagram,0.8225,Positive,High
good app,5,0,445.0.0.45.83,2026-09-10 04:12:29,445.0.0.45.83,Instagram,0.4404,Positive,High
bekar,5,0,,2026-09-10 04:11:55,,Instagram,0.0,Neutral,High
excellent 👍👍👍👍👍👍👍👍👍👍👍👍👍👍👍👍👍👍👍👍👍👍👍👍👍👍👍👍👍👍👍👍👍👍👍👍👍👍👍👍👍👍👍👍,5,0,398.1.0.53.77,2026-09-10 04:11:42,398.1.0.53.77,Instagram,0.5719,Positive,High
bhuvibossctnn,5,0,444.0.0.46.85,2026-09-10 04:11:23,444.0.0.46.85,Instagram,0.0,Neutral,High
jiw adhcavmc,1,1,445.0.0.45.83,2026-09-10 04:11:03,445.0.0.45.83,Instagram,0.0,Neutral,Low
so nice,5,0,436.0.0.41.73,2026-09-10 04:10:50,436.0.0.41.73,Instagram,0.4754,Positive,High
"dear instagram team, my account (yourusername) has been deactivated. i believe this is a mistake as i have always followed all community guidelines and terms of service. i request you to please review my account and reactivate it as soon as possible. thank you for your time and assistance."" pehle wala insta best tha",5,11,444.0.0.46.85,2026-09-10 04:09:15,444.0.0.46.85,Instagram,0.8481,Positive,High
my instagram is not working properly for last 1 month ...whenever i try to post and use trial option but the moment i touch that option my whole screen freezes and i reported about this to instagram but didn't get any help from their side ...,2,0,446.0.0.49.77,2026-09-10 04:08:55,446.0.0.49.77,Instagram,-0.4655,Negative,Low
best of another apps you make your life ...😻🔥,5,1,446.0.0.49.77,2026-09-10 04:07:56,446.0.0.49.77,Instagram,0.7003,Positive,High
papa 💓,1,0,,2026-09-10 04:05:40,,Instagram,0.296,Positive,Low
nice app,5,0,439.0.0.37.89,2026-09-10 04:04:52,439.0.0.37.89,Instagram,0.4215,Positive,High
everything about ig is so professional,5,0,445.0.0.45.83,2026-09-10 04:04:39,445.0.0.45.83,Instagram,0.0,Neutral,High
i have no gf so please refresh my feed please instagram please,5,0,442.0.0.46.79,2026-09-10 04:04:22,442.0.0.46.79,Instagram,0.6115,Positive,High
rakesh ☠️,3,0,443.0.0.48.82,2026-09-10 04:04:02,443.0.0.48.82,Instagram,0.0,Neutral,Medium
it's wonderful,5,0,445.0.0.45.83,2026-09-10 04:03:37,445.0.0.45.83,Instagram,0.5719,Positive,High
good,5,0,,2026-09-10 04:03:33,,Instagram,0.4404,Positive,High
very good 👍👍,5,0,,2026-09-10 04:03:07,,Instagram,0.4927,Positive,High
i like instagram 🥰🥰,5,0,445.0.0.45.83,2026-09-10 04:02:31,445.0.0.45.83,Instagram,0.9524,Positive,High
"it is a good app....it is entertaining,full of fun and also useful for all aspects of life.",5,0,,2026-09-10 04:02:14,,Instagram,0.8442,Positive,High
not giving a proper update,5,0,264.0.0.22.106,2026-09-10 04:02:02,264.0.0.22.106,Instagram,-0.2584,Negative,High
make me popular,5,0,,2026-09-10 03:59:44,,Instagram,0.4215,Positive,High
very good app,5,0,,2026-09-10 03:59:29,,Instagram,0.4927,Positive,High
good app,5,1,446.0.0.49.77,2026-09-10 03:58:25,446.0.0.49.77,Instagram,0.4404,Positive,High
ok,5,0,,2026-09-10 03:57:02,,Instagram,0.296,Positive,High
i'm watching ads more than watching reels. there are ads every 2 reels so delete it. this app sucks,1,1,446.0.0.49.77,2026-09-10 03:56:53,446.0.0.49.77,Instagram,-0.3612,Negative,Low
👍🏻👍🏻,5,0,445.0.0.45.83,2026-09-10 03:56:35,445.0.0.45.83,Instagram,0.0,Neutral,High
best app ever,5,0,,2026-09-10 03:55:40,,Instagram,0.6369,Positive,High
sup,5,0,411.0.0.23.257,2026-09-10 03:54:31,411.0.0.23.257,Instagram,0.0,Neutral,High
mene 10 account bnaye sare ben hote jaaa raahe hai 😡🤬,1,0,442.0.0.46.79,2026-09-10 03:54:05,442.0.0.46.79,Instagram,0.0,Neutral,Low
wow nice app thanks 👍,5,0,433.0.0.47.68,2026-09-10 03:53:15,433.0.0.47.68,Instagram,0.8591,Positive,High
non skipped add and more more add way 😔,1,0,445.0.0.45.83,2026-09-10 03:52:39,445.0.0.45.83,Instagram,0.144,Positive,Low
fantastic app 👍,5,0,445.0.0.45.83,2026-09-10 03:52:10,445.0.0.45.83,Instagram,0.5574,Positive,High
😁,1,0,445.0.0.45.83,2026-09-10 03:51:46,445.0.0.45.83,Instagram,0.4588,Positive,Low
❤️😘🥰🙏,5,0,413.0.0.41.84,2026-09-10 03:50:13,413.0.0.41.84,Instagram,0.8779,Positive,High
time consuming,1,0,,2026-09-10 03:49:45,,Instagram,0.0,Neutral,Low
shupeer,4,0,442.0.0.46.79,2026-09-10 03:49:34,442.0.0.46.79,Instagram,0.0,Neutral,High
👍,5,0,441.0.0.43.81,2026-09-10 03:49:32,441.0.0.43.81,Instagram,0.0,Neutral,High
amezing,5,0,445.0.0.45.83,2026-09-10 03:46:24,445.0.0.45.83,Instagram,0.0,Neutral,High
great app,5,0,445.0.0.45.83,2026-09-10 03:46:15,445.0.0.45.83,Instagram,0.6249,Positive,High
so ausome application i like this app and please update a new features.,5,1,446.0.0.49.77,2026-09-10 03:46:04,446.0.0.49.77,Instagram,0.5859,Positive,High
nice,5,0,417.0.0.54.77,2026-09-10 03:44:55,417.0.0.54.77,Instagram,0.4215,Positive,High
nilam dihbar,5,0,445.0.0.45.83,2026-09-10 03:44:43,445.0.0.45.83,Instagram,0.0,Neutral,High
"not pushing my content, no help from instgram's side , it's like they don't want a creator to grow from scratch. everyone do not have the facilities to gain all at night , after putting immense efforts amazing content, still no push from algorithm.",1,1,445.0.0.45.83,2026-09-10 03:44:20,445.0.0.45.83,Instagram,0.7202,Positive,Low
good platforms in ਸੋਸਲ ਮੀਡੀਆ,5,0,445.0.0.45.83,2026-09-10 03:44:06,445.0.0.45.83,Instagram,0.4404,Positive,High
nayeem,1,0,,2026-09-10 03:43:42,,Instagram,0.0,Neutral,Low
good,5,0,445.0.0.45.83,2026-09-10 03:43:11,445.0.0.45.83,Instagram,0.4404,Positive,High
greatest app of all time,5,0,446.0.0.49.77,2026-09-10 03:41:47,446.0.0.49.77,Instagram,0.6369,Positive,High
help full app,5,0,446.0.0.49.77,2026-09-10 03:41:33,446.0.0.49.77,Instagram,0.4019,Positive,High
very good,5,0,445.0.0.45.83,2026-09-10 03:41:01,445.0.0.45.83,Instagram,0.4927,Positive,High
મારુ ઇંસ્ટાગ્રામ આઈડી પાછા,5,0,445.0.0.45.83,2026-09-10 03:40:54,445.0.0.45.83,Instagram,0.0,Neutral,High
terrible,1,0,445.0.0.45.83,2026-09-10 03:40:50,445.0.0.45.83,Instagram,-0.4767,Negative,Low
sudhanshu,5,0,445.0.0.45.83,2026-09-10 03:40:13,445.0.0.45.83,Instagram,0.0,Neutral,High
"""my instagram account was suspended and i have already submitted an appeal. please review my account and help me recover it. i believe my account was suspended by mistake.”",5,1,,2026-09-10 03:39:03,,Instagram,-0.296,Negative,High
good aplication,5,0,,2026-09-10 03:39:02,,Instagram,0.4404,Positive,High
hemantkumar,1,0,446.0.0.49.77,2026-09-10 03:38:32,446.0.0.49.77,Instagram,0.0,Neutral,Low
i can't install this,1,0,445.0.0.45.83,2026-09-10 03:38:21,445.0.0.45.83,Instagram,0.0,Neutral,Low
i love,5,0,445.0.0.45.83,2026-09-10 03:38:13,445.0.0.45.83,Instagram,0.6369,Positive,High
ram prakash kumar up50,3,0,444.0.0.46.85,2026-09-10 03:38:12,444.0.0.46.85,Instagram,0.0,Neutral,Medium
very nice app,5,0,445.0.0.45.83,2026-09-10 03:37:57,445.0.0.45.83,Instagram,0.4754,Positive,High
aahad malik and,5,0,,2026-09-10 03:37:37,,Instagram,0.0,Neutral,High
love this app so much,5,0,,2026-09-10 03:37:07,,Instagram,0.6369,Positive,High
very interesting app,5,0,445.0.0.45.83,2026-09-10 03:36:59,445.0.0.45.83,Instagram,0.4576,Positive,High
good,5,0,,2026-09-10 03:36:38,,Instagram,0.4404,Positive,High
sanskruti kare,5,0,,2026-09-10 03:35:52,,Instagram,0.0,Neutral,High
very good morning,5,0,,2026-09-10 03:35:20,,Instagram,0.4927,Positive,High
best,5,0,,2026-09-10 03:33:49,,Instagram,0.6369,Positive,High
highly addictive for kids i don't suggest this to any parent,1,0,,2026-09-10 03:33:28,,Instagram,0.0,Neutral,Low
my insta is merged with someone's company please release that what is this fraud happening in insta how other companies merged my account,1,1,445.0.0.45.83,2026-09-10 03:32:54,445.0.0.45.83,Instagram,-0.4939,Negative,Low
jayanta,5,0,285.0.0.25.62,2026-09-10 03:32:34,285.0.0.25.62,Instagram,0.0,Neutral,High
ye bhut bekaar app hai isme kisi ki bhi id ye ye log suspend kr dete bina kisi reason bina kisi explanations ke ....... mere ghar se 3 id suspend hui mere dost ki 1 id suspend hui ........ me to kisi ko bhi ye app recomend nhi kroga ye useless app hai........ isse accha to dr driving chalalo,1,0,441.0.0.43.81,2026-09-10 03:32:01,441.0.0.43.81,Instagram,-0.8271,Negative,Low
best social media app i ever seen 💗,5,1,446.0.0.49.77,2026-09-10 03:31:58,446.0.0.49.77,Instagram,0.8779,Positive,High
can i make a suggestion? wbt adding streaks too! i mean people are crazy sending reels so why dont add streaks? 😁,5,0,,2026-09-10 03:31:28,,Instagram,0.3076,Positive,High
good 😊 aap follow kar lo sonam_12050,5,0,,2026-09-10 03:30:46,,Instagram,0.836,Positive,High
nothing is better than this,5,0,445.0.0.45.83,2026-09-10 03:30:45,445.0.0.45.83,Instagram,-0.3412,Negative,High
faamanu fiu faamanu,5,0,445.0.0.45.83,2026-09-10 03:30:27,445.0.0.45.83,Instagram,0.0,Neutral,High
so nice🌹,5,1,446.0.0.49.77,2026-09-10 03:30:22,446.0.0.49.77,Instagram,0.4754,Positive,High
this is fire,5,0,438.0.0.28.88,2026-09-10 03:29:02,438.0.0.28.88,Instagram,-0.34,Negative,High
ye ek bhaut aacha pletform hai social media kaa jaha ham naye logo ko jan paye hai,5,0,442.0.0.46.79,2026-09-10 03:28:57,442.0.0.46.79,Instagram,0.0,Neutral,High
🎀😅,5,0,,2026-09-10 03:26:47,,Instagram,0.3612,Positive,High
very happy 😊,5,0,445.0.0.45.83,2026-09-10 03:26:00,445.0.0.45.83,Instagram,0.8826,Positive,High
🙈,5,0,,2026-09-10 03:24:48,,Instagram,0.0,Neutral,High
sometimes it lags and unable to play videos,3,0,445.0.0.45.83,2026-09-10 03:24:48,445.0.0.45.83,Instagram,-0.0258,Neutral,Medium
great time pass app,5,0,,2026-09-10 03:24:45,,Instagram,0.6249,Positive,High
this aap is earning app,5,0,445.0.0.45.83,2026-09-10 03:24:44,445.0.0.45.83,Instagram,0.0,Neutral,High
i have not forget account to that reset passwer to unexpected error. sow to this account @ayaan_raahuuma66.6,1,0,446.0.0.49.77,2026-09-10 03:24:13,446.0.0.49.77,Instagram,-0.2579,Negative,Low
nice,4,0,445.0.0.45.83,2026-09-10 03:23:53,445.0.0.45.83,Instagram,0.4215,Positive,High
supper app,5,0,446.0.0.49.77,2026-09-10 03:23:35,446.0.0.49.77,Instagram,0.0,Neutral,High
instragram,5,2,408.0.0.51.78,2026-09-10 03:23:26,408.0.0.51.78,Instagram,0.0,Neutral,High
badi hi ghatiya app hai bina baat bhi account suspend kr dete hai,1,0,446.0.0.49.77,2026-09-10 03:22:39,446.0.0.49.77,Instagram,-0.3182,Negative,Low
afzal ansari chandni ansari,5,0,,2026-09-10 03:21:40,,Instagram,0.0,Neutral,High
👍,5,0,278.0.0.22.117,2026-09-10 03:21:33,278.0.0.22.117,Instagram,0.0,Neutral,High
best but network glitch pls make or faster,5,0,,2026-09-10 03:20:55,,Instagram,0.4678,Positive,High
outstanding 👍,4,0,445.0.0.45.83,2026-09-10 03:18:20,445.0.0.45.83,Instagram,0.6124,Positive,High
kjuk,5,0,,2026-09-10 03:18:04,,Instagram,0.0,Neutral,High
i thik instagram have some glitch they are suspending my insta account i didn't break there any policy but when they seys verify your self i am verifying my self and when i am uploading my documents there are some error so they give 2nd chance but 2nd time also they have same error and suspend my account i am trying to connect with them on gmai they are not even responding,1,0,,2026-09-10 03:17:47,,Instagram,-0.8201,Negative,Low
fantastic ❤️,5,1,446.0.0.49.77,2026-09-10 03:17:05,446.0.0.49.77,Instagram,0.5574,Positive,High
very good app,5,0,446.0.0.49.77,2026-09-10 03:16:24,446.0.0.49.77,Instagram,0.4927,Positive,High
"1 star, because i always get suspended for 180 days even my profile is just normal.",1,1,,2026-09-10 03:16:08,,Instagram,-0.4767,Negative,Low
rubish appp.....❌️ bar bar account ban kr dete h bakwas app h ❌️❌️❌️ do not download this appp 1 ☆ k layk bhi nhi h,1,0,,2026-09-10 03:15:05,,Instagram,-0.5574,Negative,Low
smooth,4,0,445.0.0.45.83,2026-09-10 03:13:30,445.0.0.45.83,Instagram,0.0,Neutral,High
guru in my idi,5,0,423.0.0.47.66,2026-09-10 03:12:35,423.0.0.47.66,Instagram,0.0,Neutral,High
"hola, hace poco me cerraron mi sesion de instagram, y dice que es para verificar identidad y cuando envie la foto de mi cedula dice q es tomada de otra pantalla y no es asi, quisiera saber como puedo arreglarlo pq ya llevo 3 dias sin poder acceder a mi cuenta y tmp me recibe la foto de la cedula",5,0,,2026-09-10 03:11:59,,Instagram,-0.7003,Negative,High
it keeps banning and i didn't even do something.,1,1,,2026-09-10 03:10:52,,Instagram,0.0,Neutral,Low
best reels,5,0,,2026-09-10 03:10:27,,Instagram,0.6369,Positive,High
"account suspension: the user's account was suspended, and the appeal verification code failed to arrive via email.login lockout: logging out led to a total lockout with repeated ""unable to log in, please try again later"" error prompts.recovery failure: standard password reset and recovery routes are currently unresponsive or trapped in a loop.",1,1,333.0.0.42.91,2026-09-10 03:06:30,333.0.0.42.91,Instagram,-0.926,Negative,Low
good,5,0,447.0.0.0.51,2026-09-10 03:05:41,447.0.0.0.51,Instagram,0.4404,Positive,High
suspending my account on a random day.,1,1,446.0.0.49.77,2026-09-10 03:05:21,446.0.0.49.77,Instagram,0.0,Neutral,Low
❤️❤️❤️,5,0,,2026-09-10 03:05:08,,Instagram,0.0,Neutral,High
nice app zuckerberg ✌️,3,0,446.0.0.49.77,2026-09-10 03:04:48,446.0.0.49.77,Instagram,0.4215,Positive,Medium
good app....,5,0,445.0.0.45.83,2026-09-10 03:04:07,445.0.0.45.83,Instagram,0.4404,Positive,High
"very disappointed with instagram. my account was deactivated without any proper explanation or clear reason. i have already submitted an appeal and completed the required verification, but i still have no proper way to contact instagram support or get a clear response. i have important photos, messages, and memories on this account. users should not lose access to their accounts without a clear reason or proper support. please review my case and help me recover my account. instagram seriously i",2,1,446.0.0.49.77,2026-09-10 03:04:03,446.0.0.49.77,Instagram,0.9226,Positive,Low
insta good 👍🏻😊,5,0,442.0.0.46.79,2026-09-10 03:03:32,442.0.0.46.79,Instagram,0.836,Positive,High
thanks instagram,5,0,445.0.0.45.83,2026-09-10 03:03:13,445.0.0.45.83,Instagram,0.4404,Positive,High
😅😅😅😅😅😅,5,0,,2026-09-10 03:01:52,,Instagram,0.9186,Positive,High
i understand you needed to suspended my account because you said it not follows the rules but why you need to ban my facebook account too? why is that now i lost both. banned my instagram no problem but why u needed to ban my facebook too?,1,0,,2026-09-10 03:01:45,,Instagram,-0.9536,Negative,Low
nice,5,0,,2026-09-10 03:00:17,,Instagram,0.4215,Positive,High
dharmendra chaudhari,5,0,393.1.0.50.76,2026-09-10 02:58:22,393.1.0.50.76,Instagram,0.0,Neutral,High
victimized ha cf da xx sa re deceased tv dvd ac ccfx,1,0,,2026-09-10 02:57:47,,Instagram,-0.1027,Negative,Low
mo lucky khan,5,0,445.0.0.45.83,2026-09-10 02:57:09,445.0.0.45.83,Instagram,0.4215,Positive,High
with the new system of signing in it sucks for those who no longer have any access to their old devices or numbers and the support is useless as well no human support in sight. lost an account from middle school all because of a phone change and didn't realize about the new sign-in update.,1,0,445.0.0.45.83,2026-09-10 02:56:57,445.0.0.45.83,Instagram,-0.8155,Negative,Low
excellent,5,0,445.0.0.45.83,2026-09-10 02:56:32,445.0.0.45.83,Instagram,0.5719,Positive,High
छंन्नाजजिकिकोलोल,2,0,,2026-09-10 02:56:18,,Instagram,0.0,Neutral,Low
aquib ffx,5,0,445.0.0.45.83,2026-09-10 02:55:57,445.0.0.45.83,Instagram,0.0,Neutral,High
best app ever soo far good for content on 21 plus,5,0,,2026-09-10 02:55:44,,Instagram,0.7964,Positive,High
app is good but why are they suspending my account as there requiredmet i did everything thing to verify my self but after that provided my original documents they are suspended my account i am creating another account they are still suspending it and when i am trying to connect with there support team on mail they are not responding,1,0,133.0.0.32.120,2026-09-10 02:55:30,133.0.0.32.120,Instagram,0.7269,Positive,Low
i love it',5,0,446.0.0.49.77,2026-09-10 02:54:56,446.0.0.49.77,Instagram,0.6369,Positive,High
no 1 social media app❣️,5,0,,2026-09-10 02:54:06,,Instagram,0.4588,Positive,High
😮‍💨,1,0,445.0.0.45.83,2026-09-10 02:53:59,445.0.0.45.83,Instagram,0.0,Neutral,Low
please remove the block button,5,0,444.0.0.46.85,2026-09-10 02:52:57,444.0.0.46.85,Instagram,-0.1531,Negative,High
my account is always suspended even tho i'm not doing anything that is not in their rules,1,0,444.0.0.46.85,2026-09-10 02:52:38,444.0.0.46.85,Instagram,-0.4767,Negative,Low
"it's a very, very nice app, i highly recommend it, especially to those who want to be content creators, because the algorithms on instagram help you get views. more and more",5,1,446.0.0.49.77,2026-09-10 02:52:37,446.0.0.49.77,Instagram,0.8467,Positive,High
amazing apps,5,0,,2026-09-10 02:52:35,,Instagram,0.5859,Positive,High
good app,5,0,444.0.0.46.85,2026-09-10 02:51:55,444.0.0.46.85,Instagram,0.4404,Positive,High
dear instagram team my account @(chebluerrrrr) has been deactivated i believe this is mistake as i have always followed all community guidelines and term of service. i request you to review my account and reactivate it was soon as possible. thankyou for your time and assistance,5,0,,2026-09-10 02:51:07,,Instagram,0.0516,Positive,High
goated app but stop tf spamming suspension 😭🥀,5,0,414.0.0.40.83,2026-09-10 02:50:06,414.0.0.40.83,Instagram,-0.9022,Negative,High
tinku kumuar,1,0,278.0.0.22.117,2026-09-10 02:49:42,278.0.0.22.117,Instagram,0.0,Neutral,Low
nice app,5,0,394.0.0.46.81,2026-09-10 02:49:32,394.0.0.46.81,Instagram,0.4215,Positive,High
very good,5,0,,2026-09-10 02:49:27,,Instagram,0.4927,Positive,High
"dear instagram support team,i am writing to appeal the suspension of my instagram account. my username is [noor-e-alfaaz-xo1].recently, my account was suspended, and i am unable to log in or use it. i believe this suspension happened by mistake, as i have always followed instagram's community guidelines and terms of service. i do not use any third-party apps, nor have i engaged in any spam or abusive behavior.this account is very important to me, and i request you to please review my case",5,0,,2026-09-10 02:49:13,,Instagram,-0.697,Negative,High
wonderful,4,0,,2026-09-10 02:48:48,,Instagram,0.5719,Positive,High
always special 💗😌,5,0,445.0.0.45.83,2026-09-10 02:47:57,445.0.0.45.83,Instagram,0.8807,Positive,High
nice,5,0,440.1.0.46.86,2026-09-10 02:47:21,440.1.0.46.86,Instagram,0.4215,Positive,High
best platform to build carrier and more entertainment,5,1,446.0.0.49.77,2026-09-10 02:46:26,446.0.0.49.77,Instagram,0.807,Positive,High
just for fun and my little album,5,0,445.0.0.45.83,2026-09-10 02:46:14,445.0.0.45.83,Instagram,0.5106,Positive,High
ok,5,0,,2026-09-10 02:46:03,,Instagram,0.296,Positive,High
easy to use.i just wish they will optimize it on the z fold 8,5,1,446.0.0.49.77,2026-09-10 02:45:31,446.0.0.49.77,Instagram,0.8316,Positive,High
best app in plystory,5,0,445.0.0.45.83,2026-09-10 02:45:20,445.0.0.45.83,Instagram,0.6369,Positive,High
loudam bhujam💩,1,0,,2026-09-10 02:45:10,,Instagram,0.0,Neutral,Low
my id suspend many times without any reason,1,0,,2026-09-10 02:43:54,,Instagram,-0.3182,Negative,Low
my love life is instagram ❤️ my most favorite app is instagram ❤️,5,0,445.0.0.45.83,2026-09-10 02:43:25,445.0.0.45.83,Instagram,0.8173,Positive,High
i'm facing a problem with my following options.i don't follow anybody even a single person.what should i do why instagram restricted me,2,0,,2026-09-10 02:42:54,,Instagram,-0.6486,Negative,Low
it deleted my account because i got 300 followeres,2,0,,2026-09-10 02:42:19,,Instagram,0.0,Neutral,Low
good exp,5,0,445.0.0.45.83,2026-09-10 02:41:38,445.0.0.45.83,Instagram,0.4404,Positive,High
very good instgram,5,0,446.0.0.49.77,2026-09-10 02:40:49,446.0.0.49.77,Instagram,0.4927,Positive,High
great 👍😃,5,0,,2026-09-10 02:40:18,,Instagram,0.765,Positive,High
good,5,0,445.0.0.45.83,2026-09-10 02:39:33,445.0.0.45.83,Instagram,0.4404,Positive,High
i love instagram,5,0,445.0.0.45.83,2026-09-10 02:39:16,445.0.0.45.83,Instagram,0.6369,Positive,High
awesome app🥰,4,0,,2026-09-10 02:37:08,,Instagram,0.9081,Positive,High
this is so cool ever,5,0,,2026-09-10 02:36:45,,Instagram,0.4572,Positive,High
viral reel,3,0,445.0.0.45.83,2026-09-10 02:36:25,445.0.0.45.83,Instagram,0.0,Neutral,Medium
"to many ads, so much ai slop.",1,0,445.0.0.45.83,2026-09-10 02:36:07,445.0.0.45.83,Instagram,0.0,Neutral,Low
aw aeßeßs qww2wwwww a wa 22ww2 wa a sokale a weaaasttastsaralla222,2,0,355.1.0.46.103,2026-09-10 02:34:30,355.1.0.46.103,Instagram,0.0,Neutral,Low
best app,5,0,444.0.0.46.85,2026-09-10 02:32:59,444.0.0.46.85,Instagram,0.6369,Positive,High
best social app ❤️,5,0,445.0.0.45.83,2026-09-10 02:30:57,445.0.0.45.83,Instagram,0.6369,Positive,High
"been on there for a year plus. ended up with over 24 thousand followers.. the majority liked my posts. past 2 weeks i had warnings, posts removed.. community standards they say. three days ago the account was disabled. no specific reason.. nothing. everything i post is shared to facebook. no problem there, even though both are meta. that irritates me... i suggest people steer clear... if they don't like censorship or step lightly for fear of offending. site is trash!",1,1,435.0.0.37.76,2026-09-10 02:30:50,435.0.0.37.76,Instagram,-0.7135,Negative,Low
razuddil ali,4,0,,2026-09-10 02:29:12,,Instagram,0.0,Neutral,High
my id suspend usse vapas chalao,1,0,445.0.0.45.83,2026-09-10 02:29:07,445.0.0.45.83,Instagram,-0.3182,Negative,Low
too gudd app,5,0,,2026-09-10 02:28:53,,Instagram,0.0,Neutral,High
मस्त,1,0,381.2.0.53.84,2026-09-10 02:27:57,381.2.0.53.84,Instagram,0.0,Neutral,Low
i think i love this app...,5,0,384.0.0.46.83,2026-09-10 02:27:54,384.0.0.46.83,Instagram,0.6369,Positive,High
super duper,5,0,,2026-09-10 02:27:10,,Instagram,0.5994,Positive,High
my acc is suspended due to my mistake.. i request you to bring back my account whose username in kritankc___ thank you,2,0,446.0.0.49.77,2026-09-10 02:27:03,446.0.0.49.77,Instagram,-0.4588,Negative,Low
🌸,1,0,,2026-09-10 02:25:47,,Instagram,0.0,Neutral,Low
super,5,0,445.0.0.45.83,2026-09-10 02:25:17,445.0.0.45.83,Instagram,0.5994,Positive,High
🕊️🕊️🕊️🕊️🕊️🕊️🕊️🕊️🕊️🕊️🕊️🕊️🕊️🕊️🕊️🕊️🕊️🕊️🕊️🕊️🕊️🕊️🕊️🕊️🕊️🕊️🕊️🕊️🕊️🕊️🕊️🕊️🕊️🕊️🕊️🕊️🕊️🕊️🕊️🕊️🕊️🕊️🕊️🕊️🕊️🕊️🕊️🕊️🕊️🕊️🕊️🕊️🕊️🕊️🕊️🕊️😭😭😭😭😭😭😭😂🤞🤞💕🤞🤞🤞🤞💯🤟🤞♥️🤞♥️💟🤟💟🗣️💝🗣️🤞🗣️🤣🗣️😂💯💕♥️💟♥️🤞🗣️🤞🤟🥚🗣️🤞🗣️🤞🗣️🤞🗣️🤞🗣️🤞🗣️🗣️🤞🗣️🤞🗣️🤞🗣️🤞🗣️🤞🗣️🤞🗣️🤞🗣️🤞🗣️🤞🗣️🗣️🤞🗣️🤞🗣️🤞🗣️🤞🗣️🤞🗣️🗣️🤞🗣️🤞🗣️🤞🗣️🤞🗣️🤞🗣️🤞🗣️🤞🗣️🤞🗣️🤞🗣️🗣️🤞🗣️🤞🗣️🤞🗣️🤞🗣️🤞🗣️🤞🗣️🤞🗣️🤞🗣️🗣️🤞,5,0,432.1.0.44.80,2026-09-10 02:24:29,432.1.0.44.80,Instagram,0.9867,Positive,High
it's very good app we can talk to anyone anytime if we want 🫵🏻🫶🏻🤚🏻,5,0,444.0.0.46.85,2026-09-10 02:24:29,444.0.0.46.85,Instagram,0.7713,Positive,High
munna mykal,5,0,,2026-09-10 02:24:17,,Instagram,0.0,Neutral,High
god of social media 🤘🔱,5,0,,2026-09-10 02:24:06,,Instagram,0.2732,Positive,High
"insta plus sucks, it makes social dynamics unequal without a transparent way to see who has an advantage and it messes up things you cant complain about without looking bad (story re-watching, profile checking, someone having to open your chat).",1,0,313.0.0.26.328,2026-09-10 02:22:55,313.0.0.26.328,Instagram,0.4871,Positive,Low
i have seen and heard my friends using instagram. so i got curious to try it out. and it was amazing. best social media app i have used.,5,0,445.0.0.45.83,2026-09-10 02:22:29,445.0.0.45.83,Instagram,0.9282,Positive,High
"scammed me out of 18,900 inr by promising a free trial on meta verified max subscription and then charged me the full amount without refund.",1,0,342.0.0.33.103,2026-09-10 02:21:52,342.0.0.33.103,Instagram,0.6369,Positive,Low
good,5,0,445.0.0.45.83,2026-09-10 02:21:26,445.0.0.45.83,Instagram,0.4404,Positive,High
90k mr satyajit 46,1,0,445.0.0.45.83,2026-09-10 02:21:12,445.0.0.45.83,Instagram,0.0,Neutral,Low
"i got a new samsung a17 i've uninstalled, cleared my cache, restarted my phone and it will not open. i have no idea what is wrong, it's very frustrating. never had this problem before",1,1,446.0.0.49.77,2026-09-10 02:20:07,446.0.0.49.77,Instagram,-0.8812,Negative,Low
it was very helpful to me & very useful,5,0,445.0.0.45.83,2026-09-10 02:19:46,445.0.0.45.83,Instagram,0.742,Positive,High
nice app,5,0,445.0.0.45.83,2026-09-10 02:19:34,445.0.0.45.83,Instagram,0.4215,Positive,High
very cool,5,0,445.0.0.45.83,2026-09-10 02:18:49,445.0.0.45.83,Instagram,0.3804,Positive,High
bulukabasi,5,0,442.0.0.46.79,2026-09-10 02:17:31,442.0.0.46.79,Instagram,0.0,Neutral,High
super app,5,0,,2026-09-10 02:17:00,,Instagram,0.5994,Positive,High
"my instagram account was disabled @z.zlcy, and i submitted an appeal. more than a month later, i still haven't been given the option to upload my id or complete a selfie verification, so my appeal cannot move forward. it's very frustrating to have no progress or support. please improve the appeal and verification process. tried to get help and support, but it always says ""sorry, something went wrong. please try again."" i had 2 account that have been disabled without a reason",1,0,445.0.0.45.83,2026-09-10 02:16:44,445.0.0.45.83,Instagram,-0.188,Negative,Low
every body know about this app ..as t is a very importent app now a days...,5,0,412.0.0.35.87,2026-09-10 02:16:41,412.0.0.35.87,Instagram,0.0,Neutral,High
this is a good app i like it,5,1,445.0.0.45.83,2026-09-10 02:16:22,445.0.0.45.83,Instagram,0.6597,Positive,High
superrrrr,5,0,,2026-09-10 02:16:00,,Instagram,0.0,Neutral,High
instagram ek bahut badhiya hai ise chalane mein bahut maja aata hai aur isase anand mein milta hai sare video rail se bhi video chala kar bhi milta hai like milta hai to achcha lagta hai,5,0,444.0.0.46.85,2026-09-10 02:15:58,444.0.0.46.85,Instagram,0.3612,Positive,High
heavy🥰,4,0,445.0.0.45.83,2026-09-10 02:14:09,445.0.0.45.83,Instagram,0.8074,Positive,High
no ads,1,0,,2026-09-10 02:13:51,,Instagram,-0.296,Negative,Low
mb kami krdo yar,5,0,,2026-09-10 02:13:47,,Instagram,0.0,Neutral,High
amazing feet in here,5,0,365.0.0.40.94,2026-09-10 02:13:09,365.0.0.40.94,Instagram,0.5859,Positive,High
wow this is very good,5,0,441.0.0.43.81,2026-09-10 02:12:20,441.0.0.43.81,Instagram,0.7902,Positive,High
very nice,5,0,446.0.0.49.77,2026-09-10 02:11:03,446.0.0.49.77,Instagram,0.4754,Positive,High
i am facing technical issues with instagram my account is suspended i don't know what is the reason? i am request to unsuspend my account please it is my humble request to instagram now onward i will follow all the rules believe me please i am requesting to instagram please understand this issue,5,0,434.0.0.44.74,2026-09-10 02:10:43,434.0.0.44.74,Instagram,0.4215,Positive,High
cool,5,0,445.0.0.45.83,2026-09-10 02:10:39,445.0.0.45.83,Instagram,0.3182,Positive,High
good but it always waste my time,1,0,445.0.0.45.83,2026-09-10 02:10:26,445.0.0.45.83,Instagram,-0.4118,Negative,Low
꧁༺𝓑𝓮𝓼𝓽𝓣𝓸𝓹💜💖💜❣️💘👌༻꧂,5,0,445.0.0.45.83,2026-09-10 02:09:35,445.0.0.45.83,Instagram,0.9801,Positive,High
please my insta id received,5,0,445.0.0.45.83,2026-09-10 02:09:26,445.0.0.45.83,Instagram,0.3182,Positive,High
instgram bahut hi bakwas hi gya hai sari id bina kisi reason ke disable ho ja rhi hai apeal ke baad bhi koi id recover nhi ho rhi hai to instgram walo pahile ja ke id recovery sahi karo instgram ki uske baad feedback ki bhek mangna,1,0,283.0.0.20.105,2026-09-10 02:08:38,283.0.0.20.105,Instagram,0.0,Neutral,Low
the new update doesn't allow you to screenshot in full-screen mode,1,1,446.0.0.49.77,2026-09-10 02:07:29,446.0.0.49.77,Instagram,-0.1695,Negative,Low
instagram is the best app,5,0,433.0.0.47.68,2026-09-10 02:06:33,433.0.0.47.68,Instagram,0.6369,Positive,High
superb,5,0,445.0.0.45.83,2026-09-10 02:05:07,445.0.0.45.83,Instagram,0.6249,Positive,High
best soslmidiya ap,5,0,444.0.0.46.85,2026-09-10 02:04:46,444.0.0.46.85,Instagram,0.6369,Positive,High
pragadeesh,5,0,430.0.0.53.80,2026-09-10 02:04:42,430.0.0.53.80,Instagram,0.0,Neutral,High
gooo 💩,1,0,446.0.0.49.77,2026-09-10 02:04:03,446.0.0.49.77,Instagram,0.0,Neutral,Low
"for now, goodbye instagram.",5,0,445.0.0.45.83,2026-09-10 02:02:17,445.0.0.45.83,Instagram,0.0,Neutral,High
मुराद शेख,5,0,,2026-09-10 02:01:57,,Instagram,0.0,Neutral,High
bhut badiya 🥀,5,0,,2026-09-10 02:01:48,,Instagram,0.0,Neutral,High
❤️❤️☺️,4,0,444.0.0.46.85,2026-09-10 01:59:36,444.0.0.46.85,Instagram,0.4588,Positive,High
umesh sahu,5,0,446.0.0.49.77,2026-09-10 01:59:15,446.0.0.49.77,Instagram,0.0,Neutral,High
veri nice,5,0,445.0.0.45.83,2026-09-10 01:59:02,445.0.0.45.83,Instagram,0.4215,Positive,High
awesome experience,5,1,446.0.0.49.77,2026-09-10 01:58:22,446.0.0.49.77,Instagram,0.6249,Positive,High
pari,5,0,430.0.0.53.80,2026-09-10 01:57:44,430.0.0.53.80,Instagram,0.0,Neutral,High
i have just been logged out of my account and when i put my number so they send the code it say they have a technical problem 😭,1,0,,2026-09-10 01:56:13,,Instagram,-0.6705,Negative,Low
id anban kardo,1,0,444.0.0.46.85,2026-09-10 01:55:48,444.0.0.46.85,Instagram,0.0,Neutral,Low
"aside from its obvious evils, poor image quality, designed addictiveness, and entanglement in the romance between authoritarianism and tech, they can't even keep stories silent once you silence them. next time you open the app the sound's back on. that's right, the end of the world is brought to you by incompetents who can't even maintain a satisfactory ui.",1,0,445.0.0.45.83,2026-09-10 01:53:49,445.0.0.45.83,Instagram,-0.1779,Negative,Low
only account suspend not a use again,1,0,445.0.0.45.83,2026-09-10 01:53:14,445.0.0.45.83,Instagram,-0.3182,Negative,Low
good,5,0,446.0.0.49.77,2026-09-10 01:52:44,446.0.0.49.77,Instagram,0.4404,Positive,High
royal _sunny_sutter⚔️ flowers,5,0,445.0.0.45.83,2026-09-10 01:52:43,445.0.0.45.83,Instagram,0.0,Neutral,High
fantastic,5,0,445.0.0.45.83,2026-09-10 01:52:00,445.0.0.45.83,Instagram,0.5574,Positive,High
good,3,0,378.0.0.52.68,2026-09-10 01:50:47,378.0.0.52.68,Instagram,0.4404,Positive,Medium
because i can watch india best dancer season 5,5,1,446.0.0.49.77,2026-09-10 01:47:49,446.0.0.49.77,Instagram,0.6369,Positive,High
ok❤️❤️❤️❤️❤️❤️❤️‍🩹❤️‍🩹❤️‍🩹💔💔💔,5,0,361.0.0.46.88,2026-09-10 01:47:13,361.0.0.46.88,Instagram,0.7579,Positive,High
good,5,0,278.0.0.22.117,2026-09-10 01:44:07,278.0.0.22.117,Instagram,0.4404,Positive,High
☠️🙏 samar☠️🙏☠️,5,0,,2026-09-10 01:43:48,,Instagram,0.0,Neutral,High
laguri sidiu,5,0,444.0.0.46.85,2026-09-10 01:41:33,444.0.0.46.85,Instagram,0.0,Neutral,High
ok,4,0,445.0.0.45.83,2026-09-10 01:41:05,445.0.0.45.83,Instagram,0.296,Positive,High
good,5,0,278.0.0.22.117,2026-09-10 01:40:36,278.0.0.22.117,Instagram,0.4404,Positive,High
this is good aap,5,0,,2026-09-10 01:40:12,,Instagram,0.4404,Positive,High
plz open the live open in pakistan without any monetization,4,0,46.7.3,2026-09-10 12:39:15,46.7.3,TikTok,0.0772,Positive,High
why won't u give me beta version,1,0,46.9.42,2026-09-10 12:32:22,46.9.42,TikTok,0.0,Neutral,Low
it's so good and 😊☺️☺️,5,0,46.7.3,2026-09-10 12:29:47,46.7.3,TikTok,0.9377,Positive,High
first amendment hating cowards,1,1,46.8.3,2026-09-10 12:29:27,46.8.3,TikTok,-0.5106,Negative,Low
😝☠️,5,0,,2026-09-10 12:28:59,,TikTok,0.0,Neutral,High
the more and more you guys update amd change this app the more it sucks and the less time i actually want to spend on it. fix yourself and stop changing things that dont need changed and stop forcefeeding your audience ai content.,1,0,46.7.3,2026-09-10 12:26:05,46.7.3,TikTok,-0.7076,Negative,Low
olafershs,5,0,,2026-09-10 12:24:06,,TikTok,0.0,Neutral,High
optional,5,0,37.2.3,2026-09-10 12:22:38,37.2.3,TikTok,0.0,Neutral,High
77iu,5,0,,2026-09-10 12:21:00,,TikTok,0.0,Neutral,High
tiktok is a biast,5,0,,2026-09-10 12:18:58,,TikTok,0.0,Neutral,High
a very good app,5,0,46.4.3,2026-09-10 12:17:26,46.4.3,TikTok,0.4927,Positive,High
🥰🥰🥰🥰🥰🥰😍😍😍😍💔,5,0,46.2.3,2026-09-10 12:14:59,46.2.3,TikTok,0.9955,Positive,High
👍 great,1,0,43.1.4,2026-09-10 12:13:56,43.1.4,TikTok,0.6249,Positive,Low
abduallh,5,0,,2026-09-10 12:13:12,,TikTok,0.0,Neutral,High
"please tiktok team, send all my videos to four you, please tiktok team.",5,0,46.8.3,2026-09-10 12:12:31,46.8.3,TikTok,0.5574,Positive,High
tiktok,1,1,,2026-09-10 12:11:26,,TikTok,0.0,Neutral,Low
tiktok,5,0,41.8.3,2026-09-10 12:06:37,41.8.3,TikTok,0.0,Neutral,High
very nice,3,0,46.8.3,2026-09-10 12:05:01,46.8.3,TikTok,0.4754,Positive,Medium
it you are saying that's why i'm all concerned about yourself just a little checked by now look like turn person on imdb,5,0,46.8.3,2026-09-10 12:03:33,46.8.3,TikTok,0.3612,Positive,High
okay ☺️,5,0,,2026-09-10 12:02:28,,TikTok,0.5994,Positive,High
it is great to use,5,0,,2026-09-10 12:02:09,,TikTok,0.6249,Positive,High
waw,5,0,46.8.3,2026-09-10 11:57:37,46.8.3,TikTok,0.0,Neutral,High
"congrats on all the ai ads, you've officially been overtaken by youtube shorts 👍 -sep 2026: increased the frequency of ads once more.",1,0,46.9.1,2026-09-10 11:56:46,46.9.1,TikTok,0.6705,Positive,Low
☺️☺️,5,0,46.7.3,2026-09-10 11:53:27,46.7.3,TikTok,0.7184,Positive,High
সিয়াম ভাই,5,0,46.7.3,2026-09-10 11:53:27,46.7.3,TikTok,0.0,Neutral,High
uk ki tiktok,5,0,,2026-09-10 11:52:02,,TikTok,0.0,Neutral,High
biplob,5,0,46.8.3,2026-09-10 11:51:19,46.8.3,TikTok,0.0,Neutral,High
"just ban the word and stickers that include the word ""ratio"", i have this app for like 7 years (different google accounts btw) and this year is the worst year of the app. just ban anyone who uses/includes/look-like the word "" ratio"". i hate it",3,0,46.8.3,2026-09-10 11:48:25,46.8.3,TikTok,-0.926,Negative,Medium
it's all good but i didn't like the new profile ui pls tiktok get old profile ui back,4,0,46.8.3,2026-09-10 11:44:42,46.8.3,TikTok,-0.0683,Negative,High
good,5,0,46.8.2,2026-09-10 11:43:38,46.8.2,TikTok,0.4404,Positive,High
i rate 1 star because tiktok very bad thing kids using and bad vedios coming on tiktok,1,0,,2026-09-10 11:43:02,,TikTok,-0.807,Negative,Low
"there should be some restrictions on tiktok. not every type of thing should be turned into a video and shared publicly. people should have the freedom to create content, but there should also be reasonable limits and guidelines to maintain decency and quality.",1,0,,2026-09-10 11:41:41,,TikTok,0.5927,Positive,Low
"‎tiktok offers an amazingly fun, fast-paced stream of endless entertainment crafted perfectly for quick viewing sessions. its world-class recommendation algorithm quickly learns your humor and interests, bringing hilarious clips and creative trends directly to your feed. the built-in editing tools empower anyone to create captivating videos effortlessly. it is an incredibly lively platform that brings daily joy and boundless creativity.",5,0,46.4.3,2026-09-10 11:41:31,46.4.3,TikTok,0.9834,Positive,High
"i just posted my tiktok video today that got 138 views and 32 likes in 15 minutes, but the count suddenly reset itself to 82 views and 22 likes. is this a common tiktok issue or just me?""",1,0,,2026-09-10 11:40:01,,TikTok,0.6808,Positive,Low
untitled.,4,0,,2026-09-10 11:37:52,,TikTok,0.0,Neutral,High
ok,1,0,45.4.3,2026-09-10 11:36:16,45.4.3,TikTok,0.296,Positive,Low
i love you tiktok my account for you me account and fees,5,0,46.3.3,2026-09-10 11:33:12,46.3.3,TikTok,0.6369,Positive,High
why u my tiktok slow plz u check this,5,0,46.8.3,2026-09-10 11:32:45,46.8.3,TikTok,0.0772,Positive,High
beautiful app,3,0,30.8.4,2026-09-10 11:29:26,30.8.4,TikTok,0.5994,Positive,Medium
good 👍,5,0,,2026-09-10 11:28:35,,TikTok,0.4404,Positive,High
تطبيق ممتع وسريع في اكتشاف الفيديوهات القصيرة. الخوارزمية تساعد على الوصول إلى محتوى يناسب الاهتمامات بشكل جيد.,5,0,46.8.3,2026-09-10 11:26:31,46.8.3,TikTok,0.0,Neutral,High
very good app,5,0,,2026-09-10 11:25:50,,TikTok,0.4927,Positive,High
🍌,5,0,,2026-09-10 11:24:18,,TikTok,0.0,Neutral,High
i always watch this app never stop,4,0,,2026-09-10 11:20:07,,TikTok,0.2235,Positive,High
it was boring,1,1,38.7.3,2026-09-10 11:18:41,38.7.3,TikTok,-0.3182,Negative,Low
really good app tbh,5,0,43.9.3,2026-09-10 11:17:24,43.9.3,TikTok,0.4927,Positive,High
"it wont let me log in on a galaxy tablet. it keeps saying my account was banned, but on my phone it isnt. every time i redownload the app to try and log in, that popup shows up over and over again. i physically cant log in.",1,0,46.9.1,2026-09-10 11:16:56,46.9.1,TikTok,-0.25,Negative,Low
"still has a bug or glitch when i try to watch videos, says network is unstable at random times. even with full service. already restarted the app, and also reinstalled it twice.",1,8,46.8.3,2026-09-10 11:16:51,46.8.3,TikTok,-0.3612,Negative,Low
🤌😘,5,0,46.1.3,2026-09-10 11:11:09,46.1.3,TikTok,0.4215,Positive,High
tiktok the best apss,3,0,46.8.3,2026-09-10 11:10:41,46.8.3,TikTok,0.6369,Positive,Medium
mohammad nadeem,4,0,,2026-09-10 11:07:47,,TikTok,0.0,Neutral,High
good,5,0,,2026-09-10 11:03:54,,TikTok,0.4404,Positive,High
it's really good and i like that,5,0,45.4.3,2026-09-10 11:03:39,45.4.3,TikTok,0.6901,Positive,High
wow,3,0,45.0.3,2026-09-10 11:03:01,45.0.3,TikTok,0.5859,Positive,Medium
is very important to me,3,0,41.3.3,2026-09-10 11:02:41,41.3.3,TikTok,0.2716,Positive,Medium
i want to change when i born because i did not born than and i can not,1,0,46.8.3,2026-09-10 11:02:40,46.8.3,TikTok,0.0772,Positive,Low
happiest uninstall of my life. all remaining tiktok users are unfunny and weird. app drains your battery in the background probably mining bitcoin or something. ig reels and yt shorts are genuinely just better.,1,1,31.4.3,2026-09-10 11:02:30,31.4.3,TikTok,0.7506,Positive,Low
account community issue,1,0,46.8.3,2026-09-10 11:02:10,46.8.3,TikTok,0.0,Neutral,Low
بيعلق كتير,1,1,46.8.3,2026-09-10 10:58:40,46.8.3,TikTok,0.0,Neutral,Low
do you want how to get a,5,0,46.2.3,2026-09-10 10:50:48,46.2.3,TikTok,0.0772,Positive,High
but,5,0,46.8.3,2026-09-10 10:49:02,46.8.3,TikTok,0.0,Neutral,High
i give tiktok 1 star because it won't let me see any videos of the people i follow i go to scroll to watch other videos and it will only keep showing 1 video from someone i follow and won't scroll through other videos.,1,0,46.8.3,2026-09-10 10:48:29,46.8.3,TikTok,0.0,Neutral,Low
"good algorithm but tiktok in general is very unsafe for teenagers because the report function does absolutely nothing and is basically useless u can report the most horrendous and harmful content or message and the automated system almost immediately replies saying there is ""no violation."" the moderation is useless and does nothing at all.i reported someone sending me a genital picture reported it and it said there was no violation and it does this to everyone it's horrible please fix this",2,0,46.8.3,2026-09-10 10:46:10,46.8.3,TikTok,-0.9497,Negative,Low
tik tok viral app my id name roman.editzzz1 very good 👍🏻 app,5,0,46.7.3,2026-09-10 10:45:30,46.7.3,TikTok,0.4927,Positive,High
i love tiktok,5,0,,2026-09-10 10:45:22,,TikTok,0.6369,Positive,High
karan mukhiya,4,0,46.8.3,2026-09-10 10:42:57,46.8.3,TikTok,0.0,Neutral,High
عالی,5,0,,2026-09-10 10:42:39,,TikTok,0.0,Neutral,High
it is automatically good it help you found many people,5,0,,2026-09-10 10:41:59,,TikTok,0.6808,Positive,High
"no sé si es esta actualización pero se llenó de ai de chinos y no de contenido real y agradable de ver, para repostear",1,1,,2026-09-10 10:37:01,,TikTok,-0.5267,Negative,Low
ki khobor,5,0,46.8.3,2026-09-10 10:35:42,46.8.3,TikTok,0.0,Neutral,High
madercud,5,0,46.7.3,2026-09-10 10:33:31,46.7.3,TikTok,0.0,Neutral,High
i really really love tiktok and it's the best,5,0,,2026-09-10 10:33:08,,TikTok,0.8742,Positive,High
fantastic,5,0,46.8.3,2026-09-10 10:32:46,46.8.3,TikTok,0.5574,Positive,High
ever since i updated i haven't been able to follow people on tiktok,1,0,46.8.3,2026-09-10 10:31:37,46.8.3,TikTok,0.0,Neutral,Low
can we add this feature? like can we pin our reposts?,5,0,46.8.3,2026-09-10 10:30:58,46.8.3,TikTok,0.4329,Positive,High
danish.khan.khan486 my account unfreeze account please tiktok support me,5,0,46.8.3,2026-09-10 10:29:40,46.8.3,TikTok,0.6124,Positive,High
good,1,0,46.8.3,2026-09-10 10:28:17,46.8.3,TikTok,0.4404,Positive,Low
wa,5,0,46.7.3,2026-09-10 10:26:37,46.7.3,TikTok,0.0,Neutral,High
re,5,0,46.8.3,2026-09-10 10:26:30,46.8.3,TikTok,0.0,Neutral,High
i think i think,5,0,,2026-09-10 10:26:18,,TikTok,0.0,Neutral,High
saelr,5,0,,2026-09-10 10:25:33,,TikTok,0.0,Neutral,High
used to be good but it's full of ads now.. and the new layout is atrocious.,2,0,,2026-09-10 10:24:47,,TikTok,0.2382,Positive,Low
kabirofficial662 tiktok my account please please and fresh kar do aur us wali mere account ko for you page per laga do,1,0,46.6.3,2026-09-10 10:24:15,46.6.3,TikTok,0.7096,Positive,Low
this is a so beautiful but my brother hate tiktok pls chains tik tok logo😓,5,0,,2026-09-10 10:22:21,,TikTok,-0.7434,Negative,High
fast download please 🙏🥺,5,0,46.5.3,2026-09-10 10:21:17,46.5.3,TikTok,0.3182,Positive,High
nice,5,0,46.8.3,2026-09-10 10:17:55,46.8.3,TikTok,0.4215,Positive,High
vip,5,0,42.9.3,2026-09-10 10:10:04,42.9.3,TikTok,0.5106,Positive,High
dear tiktok teem i want to grow my account ♥️🤦,5,0,,2026-09-10 10:07:32,,TikTok,0.7964,Positive,High
nice,5,0,,2026-09-10 10:06:18,,TikTok,0.4215,Positive,High
aahhs,3,0,34.8.0,2026-09-10 10:05:16,34.8.0,TikTok,0.0,Neutral,Medium
00pamd,5,0,46.6.3,2026-09-10 10:03:09,46.6.3,TikTok,0.0,Neutral,High
big wheels 🦂,5,0,,2026-09-10 10:03:08,,TikTok,0.0,Neutral,High
can only follow one person. very frustrating.,1,0,,2026-09-10 10:01:36,,TikTok,-0.4927,Negative,Low
my phone is not responding to install this app,1,0,,2026-09-10 09:58:20,,TikTok,0.0,Neutral,Low
is very butyfull app my favorite ap i love u tiktok,5,0,46.8.3,2026-09-10 09:54:00,46.8.3,TikTok,0.802,Positive,High
good,5,0,,2026-09-10 09:52:30,,TikTok,0.4404,Positive,High
jawaroo hashim,5,0,,2026-09-10 09:50:19,,TikTok,0.0,Neutral,High
slow install,5,0,,2026-09-10 09:48:45,,TikTok,0.0,Neutral,High
this nice appp,5,0,,2026-09-10 09:47:39,,TikTok,0.4215,Positive,High
hibsetufful,5,0,46.0.3,2026-09-10 09:47:27,46.0.3,TikTok,0.0,Neutral,High
very bad experience in term to contact,1,0,,2026-09-10 09:44:04,,TikTok,-0.5849,Negative,Low
reklamlarında sahte kapatma tuşu var. inandım ve çarpıya bastım. kendi uygulamasını açtı ve kocaman bir atın kocaman bir aleti önüme çıktı. insan uyarır ya.,1,0,,2026-09-10 09:42:01,,TikTok,0.0,Neutral,Low
great,5,0,46.8.3,2026-09-10 09:40:53,46.8.3,TikTok,0.6249,Positive,High
yes ok,5,0,45.3.3,2026-09-10 09:40:14,45.3.3,TikTok,0.5994,Positive,High
good app,5,0,41.2.3,2026-09-10 09:39:50,41.2.3,TikTok,0.4404,Positive,High
is mein new account nhi banta,5,0,46.7.3,2026-09-10 09:38:51,46.7.3,TikTok,0.0,Neutral,High
please make an update where you can have seperate themes for profiles!,5,0,46.8.3,2026-09-10 09:36:44,46.8.3,TikTok,0.3802,Positive,High
honestly best app i've been on this is where i found most of my humor ngl,5,0,46.8.3,2026-09-10 09:36:22,46.8.3,TikTok,0.8612,Positive,High
good,5,0,46.7.3,2026-09-10 09:35:57,46.7.3,TikTok,0.4404,Positive,High
i really like this app ye bohot avhi app hai jis ma ache ache filter or reels atti hai offiline videos bhi net na chale ti phir bhi nice app bye bye,5,0,46.8.3,2026-09-10 09:35:30,46.8.3,TikTok,0.101,Positive,High
"tiktok’s creator growth challenge feels like a complete disappointment. they encouraged creators to participate, put in time and effort, and work hard to complete the challenge, creating the expectation that eligible creators would receive their earnings or rewards. however, after doing the work, tiktok is not providing the promised payment. it honestly feels like creators were used to generate more content and engagement for the platform",1,0,,2026-09-10 09:33:31,,TikTok,0.9377,Positive,Low
is very expensive,5,0,,2026-09-10 09:33:29,,TikTok,0.0,Neutral,High
watch,5,0,46.8.3,2026-09-10 09:33:05,46.8.3,TikTok,0.0,Neutral,High
tik tok,5,1,46.1.3,2026-09-10 09:30:58,46.1.3,TikTok,0.0,Neutral,High
tik tok is good and i really like it because i can dance i can like i can do anything on tiktok i can bake stuff and stuff 😉 it's amazing 🤩,5,0,32.6.4,2026-09-10 09:29:41,32.6.4,TikTok,0.8999,Positive,High
i recommended for everyone and it's supportive app 🩵❤️‍🩹❤️💯,5,0,46.8.3,2026-09-10 09:28:05,46.8.3,TikTok,0.4588,Positive,High
nice,5,0,,2026-09-10 09:25:21,,TikTok,0.4215,Positive,High
comments on me,5,0,,2026-09-10 09:20:20,,TikTok,0.0,Neutral,High
it is amazing 👏,5,0,,2026-09-10 09:19:19,,TikTok,0.5859,Positive,High
adnanajveed,5,0,46.7.3,2026-09-10 09:16:47,46.7.3,TikTok,0.0,Neutral,High
good,5,0,,2026-09-10 09:16:23,,TikTok,0.4404,Positive,High
❤️❤️❤️,5,1,,2026-09-10 09:10:13,,TikTok,0.0,Neutral,High
"follow me and don't forget to like, share, and repost",1,1,,2026-09-10 09:08:26,,TikTok,0.1916,Positive,Low
very good 👍,5,1,,2026-09-10 09:07:46,,TikTok,0.4927,Positive,High
you can come back to work 😉 is video 📷 is teagana mentioned in quran day 🛠️💯 muzammil 🥺,1,1,46.4.3,2026-09-10 09:07:36,46.4.3,TikTok,0.0,Neutral,Low
nice 🙂,5,1,,2026-09-10 09:05:47,,TikTok,0.6712,Positive,High
i love tiktok but i'm not a bot,5,0,45.7.3,2026-09-10 09:03:57,45.7.3,TikTok,0.3818,Positive,High
asim,5,0,,2026-09-10 08:58:11,,TikTok,0.0,Neutral,High
very good,5,1,46.8.3,2026-09-10 08:56:55,46.8.3,TikTok,0.4927,Positive,High
king,5,1,,2026-09-10 08:50:22,,TikTok,0.0,Neutral,High
"something is wrong , i can't see my messages i don't know why , don't know how to fix it",2,1,46.8.3,2026-09-10 08:49:47,46.8.3,TikTok,-0.4767,Negative,Low
wakad ali,5,1,46.7.3,2026-09-10 08:49:14,46.7.3,TikTok,0.0,Neutral,High
this is a very sexy app🥷,5,1,46.7.3,2026-09-10 08:47:29,46.7.3,TikTok,0.5709,Positive,High
more video,5,1,43.8.3,2026-09-10 08:47:02,43.8.3,TikTok,0.0,Neutral,High
"why are you guys logging me out of my account to requesting me to login in again in the middle of app usage?? i've tried everything, cleared tiktok cache, uninstall and install back,reboot my phone;on and off device, i even changed tiktok username and did security checkup to see if any device is trying to log in,i blocked it it's very annoying not gonna lie",1,1,33.3.4,2026-09-10 08:44:43,33.3.4,TikTok,-0.3925,Negative,Low
mubarak,5,1,46.8.3,2026-09-10 08:41:41,46.8.3,TikTok,0.0,Neutral,High
good,1,0,46.8.3,2026-09-10 08:40:31,46.8.3,TikTok,0.4404,Positive,Low
good morning my love for you to be a good day at work and i have to go to the gym and then i will be fine at any caused insha,5,1,45.9.3,2026-09-10 08:38:06,45.9.3,TikTok,0.8957,Positive,High
hello tiktok team (payment couldn't be processed) this is my problem please solve my problem im very worried it is a big issue,5,1,46.8.3,2026-09-10 08:37:06,46.8.3,TikTok,-0.5849,Negative,High
good 👍😊👍👍👍😊😊😊😊,5,0,,2026-09-10 08:36:37,,TikTok,0.9847,Positive,High
it's very interesting,1,0,,2026-09-10 08:35:34,,TikTok,0.4576,Positive,Low
i just good posted videos on tiktok but banfit but why please help as viral on tiktok i need your support,5,0,,2026-09-10 08:32:48,,TikTok,0.9001,Positive,High
ppppppppplppppppppppl please oil,5,0,,2026-09-10 08:32:00,,TikTok,0.3182,Positive,High
goodness,5,0,46.8.3,2026-09-10 08:31:54,46.8.3,TikTok,0.4588,Positive,High
𝑻𝒉𝒊𝒔 𝒊𝒔 𝒂 𝒗𝒆𝒓𝒚 𝒗𝒆𝒓𝒚 𝒈𝒐𝒐𝒅 𝒂𝒑𝒑 ( ˘ ³˘)♥︎,5,0,,2026-09-10 08:31:32,,TikTok,0.6369,Positive,High
best,5,0,46.7.3,2026-09-10 08:31:31,46.7.3,TikTok,0.6369,Positive,High
for you varil account 🧡👈,5,0,46.4.3,2026-09-10 08:28:58,46.4.3,TikTok,0.6369,Positive,High
hy tiktok team please my account unfreze and view 1000 view,5,1,46.7.3,2026-09-10 08:28:19,46.7.3,TikTok,0.3182,Positive,High
🩷❤️😘🥳🎂🥂🎉,5,0,46.8.3,2026-09-10 08:28:15,46.8.3,TikTok,0.7964,Positive,High
very good app,5,0,44.4.3,2026-09-10 08:27:07,44.4.3,TikTok,0.4927,Positive,High
"hello tiktok support, i am trying to make a payment for tiktok, but the payment is unsuccessful through google play. i am using a mastercard, and i keep receiving a payment error. please check if there is any issue with my tiktok account or tiktok payment system and guide me on how i can complete the payment successfully. thank you.",1,0,46.8.3,2026-09-10 08:26:09,46.8.3,TikTok,0.8248,Positive,Low
i like this app but my account has been freeze help us,5,0,46.8.3,2026-09-10 08:23:19,46.8.3,TikTok,0.6808,Positive,High
i like it,5,0,46.8.3,2026-09-10 08:20:35,46.8.3,TikTok,0.3612,Positive,High
very nice 👍,5,0,,2026-09-10 08:19:26,,TikTok,0.4754,Positive,High
good,5,0,46.7.3,2026-09-10 08:19:16,46.7.3,TikTok,0.4404,Positive,High
great app but it would be better if tiktok supports pip mode for series for android 7 devices such as galaxy note 5 and etc,4,0,46.8.3,2026-09-10 08:18:33,46.8.3,TikTok,0.8641,Positive,High
poor,1,1,46.8.3,2026-09-10 08:15:41,46.8.3,TikTok,-0.4767,Negative,Low
farman. ali. rahi,4,0,46.8.3,2026-09-10 08:14:44,46.8.3,TikTok,0.0,Neutral,High
bc 480 not video download,1,0,46.8.3,2026-09-10 08:14:27,46.8.3,TikTok,0.0,Neutral,Low
nice app,5,0,46.2.3,2026-09-10 08:11:26,46.2.3,TikTok,0.4215,Positive,High
anything related to tiktok has just been a horrible experience. they are very biased has the worst service department i've ever witnessed. their rules are contradicting they will restrict your videos and when you provide proof you have permission they still restricted my videos. this has been going on for a month and a half. i asked him direct questions so i know exactly what i need to do but they never answer. they blow me off i end up closing out my case after not doing a damn thing.,1,0,46.8.3,2026-09-10 08:10:55,46.8.3,TikTok,-0.7059,Negative,Low
"tiktok,the greatest app i have to say ill give to tik tok a1000/10.ilove watching tiktok,everyday!",5,0,,2026-09-10 08:10:15,,TikTok,0.4003,Positive,High
perfect 👍👍,5,0,,2026-09-10 08:08:40,,TikTok,0.5719,Positive,High
not good,1,0,46.8.3,2026-09-10 08:07:43,46.8.3,TikTok,-0.3412,Negative,Low
farida salmanu,5,0,41.3.3,2026-09-10 08:07:04,41.3.3,TikTok,0.0,Neutral,High
good,5,0,46.0.3,2026-09-10 08:04:52,46.0.3,TikTok,0.4404,Positive,High
"hello tiktok team! many bugs & error uccers. issues not resolved after three updates. too much glitches. account banned & can't make new account due to phone number verification. don't received otp or something went wrong even otp given. please remove phone number option during creating new account. not only me, thousand people facing this problem. please solve this problem i am very sad about it. please help me 🙏🙏🙏",1,8,46.8.3,2026-09-10 07:59:24,46.8.3,TikTok,-0.7669,Negative,Low
going live,5,0,46.8.3,2026-09-10 07:58:57,46.8.3,TikTok,0.0,Neutral,High
love you tiktok 💕,5,0,46.8.3,2026-09-10 07:54:55,46.8.3,TikTok,0.8591,Positive,High
great app,5,0,42.4.4,2026-09-10 07:51:37,42.4.4,TikTok,0.6249,Positive,High
smoothness in not apply in tiktok camra please solve this issue,3,0,44.8.3,2026-09-10 07:51:21,44.8.3,TikTok,0.4767,Positive,Medium
"not a bad app. the ads never come up too often so that's a plus, it also recommends other people to follow that may have same interests too, also recommending searches you may want to explore, the shop is a great side for the app too.",5,0,46.8.3,2026-09-10 07:47:06,46.8.3,TikTok,0.8793,Positive,High
💯 100m,5,1,38.9.3,2026-09-10 07:43:30,38.9.3,TikTok,0.0,Neutral,High
hello dear tiktok team my tiktok id very long time off but i continue to my tiktok id so plz sir i can a request you my tiktok account urgent unfreeze plz 🙏,1,0,38.2.3,2026-09-10 07:43:03,38.2.3,TikTok,0.5806,Positive,Low
it needs to be washed and spelling,5,0,,2026-09-10 07:42:28,,TikTok,0.0,Neutral,High
tiktok,5,1,46.8.3,2026-09-10 07:36:18,46.8.3,TikTok,0.0,Neutral,High
this update help me allot even it my videos go viral is some ways,5,0,45.7.3,2026-09-10 07:34:28,45.7.3,TikTok,0.4019,Positive,High
it changed my profile and name my name was a feather and profile picture was a minion and i'm like that's not even bad what the heck give it back now ticktok,2,0,46.8.3,2026-09-10 07:33:38,46.8.3,TikTok,0.6542,Positive,Low
vip,5,0,,2026-09-10 07:31:23,,TikTok,0.5106,Positive,High
nice,4,0,,2026-09-10 07:29:05,,TikTok,0.4215,Positive,High
amjadyousafzai95 this is my account it has like problem please fixed this issue,5,0,46.8.3,2026-09-10 07:28:51,46.8.3,TikTok,0.2732,Positive,High
i can't login my account no more all of a sudden maximum number of attempt like tiktok is no more good again am currently tired of the way tiktok treat us now,1,0,46.2.3,2026-09-10 07:23:21,46.2.3,TikTok,-0.5422,Negative,Low
کانت ورک لوی ان تیز اپداتي,4,1,46.8.3,2026-09-10 07:20:29,46.8.3,TikTok,0.0,Neutral,High
i love it,5,1,,2026-09-10 07:18:22,,TikTok,0.6369,Positive,High
١١٢٢٢٢١٢١٢٢ ١١٢٢٢٢١٢١٢٢,3,1,46.8.3,2026-09-10 07:15:35,46.8.3,TikTok,0.0,Neutral,Medium
asyh regdsh z vdaz,5,0,46.8.3,2026-09-10 07:13:02,46.8.3,TikTok,0.0,Neutral,High
post pictures,5,0,,2026-09-10 07:12:50,,TikTok,0.0,Neutral,High
it is very very good,5,0,45.0.3,2026-09-10 07:08:18,45.0.3,TikTok,0.5379,Positive,High
love this app,5,0,46.8.3,2026-09-10 07:07:58,46.8.3,TikTok,0.6369,Positive,High
nice,5,0,40.6.3,2026-09-10 07:07:52,40.6.3,TikTok,0.4215,Positive,High
kharal,5,0,,2026-09-10 07:07:16,,TikTok,0.0,Neutral,High
good app,5,0,44.5.3,2026-09-10 06:56:02,44.5.3,TikTok,0.4404,Positive,High
tiktok login problem to the maximum namber of attram this issues new face and who do i want tiktok to fix these kinds of problems like before,1,0,,2026-09-10 06:53:46,,TikTok,-0.3818,Negative,Low
"i so love this app, its features are so good, it helped me i created an account and now my account is booming little by little",5,0,,2026-09-10 06:50:35,,TikTok,0.8816,Positive,High
no interesting option no available in videos,1,0,,2026-09-10 06:49:06,,TikTok,-0.5358,Negative,Low
pir of mehrabad shrifre hazrat pir syed gulam jilani shah bukhari astana aliya mehrabad shrifre lodhran punjab pakistan,5,0,46.6.3,2026-09-10 06:46:11,46.6.3,TikTok,0.0,Neutral,High
ok,5,1,46.7.3,2026-09-10 06:44:54,46.7.3,TikTok,0.296,Positive,High
terrible moderation and illogical bans.,1,0,99.0.2,2026-09-10 06:44:17,99.0.2,TikTok,-0.4767,Negative,Low
pujanthakura,5,0,,2026-09-10 06:42:13,,TikTok,0.0,Neutral,High
subscribe my tiktok channel and follow me like me share me,5,0,,2026-09-10 06:39:23,,TikTok,0.5719,Positive,High
"there were already too many ads, the new pop-ups are completely ridiculous. this app is genuinely useless you can't even get a full serotonin hit without getting corny advertisements and ai shoved down your throat.",1,0,36.5.5,2026-09-10 06:37:00,36.5.5,TikTok,-0.6801,Negative,Low
my account was stolen,5,0,46.6.3,2026-09-10 06:36:03,46.6.3,TikTok,-0.4939,Negative,High
tabish mirza 581,5,0,,2026-09-10 06:35:23,,TikTok,0.0,Neutral,High
why is tiktok constantly showing me the same for you page over and over?,1,0,46.8.3,2026-09-10 06:33:23,46.8.3,TikTok,0.0,Neutral,Low
♥️♥️♥️,5,0,46.7.3,2026-09-10 06:33:15,46.7.3,TikTok,0.9274,Positive,High
good of app,5,0,,2026-09-10 06:32:46,,TikTok,0.4404,Positive,High
hashimkhan9596 account vedios is not viral why tik tok team,2,0,46.8.3,2026-09-10 06:32:13,46.8.3,TikTok,0.0,Neutral,Low
بالله الاتصال شكرا 🙏 ماشي,5,0,46.8.3,2026-09-10 06:31:57,46.8.3,TikTok,0.0,Neutral,High
tik tok whit happy,5,0,46.9.1,2026-09-10 06:31:34,46.9.1,TikTok,0.5719,Positive,High
"i have been having issues with those stupid ads playing over other videos for months now they are even playing when i completely close out the app! ive tried creating a support ticket but never hear anything back and then they just close them without looking into them. plus when i try to actually talk to a person it just says to ""click the button"" there is no button!!! i swear i never had these problems when the other guys where running it!",1,0,46.8.3,2026-09-10 06:30:08,46.8.3,TikTok,0.6375,Positive,Low
driver,5,0,46.7.3,2026-09-10 06:30:06,46.7.3,TikTok,0.0,Neutral,High
tik tok,5,0,46.8.3,2026-09-10 06:30:00,46.8.3,TikTok,0.0,Neutral,High
jahobar hobe,5,0,,2026-09-10 06:28:58,,TikTok,0.0,Neutral,High
best,5,0,,2026-09-10 06:24:01,,TikTok,0.6369,Positive,High
good,5,0,45.5.4,2026-09-10 06:24:00,45.5.4,TikTok,0.4404,Positive,High
"whenever i clear data or catch,it stops working and i gotta delete it and install it again,why?!!",3,0,,2026-09-10 06:21:06,,TikTok,0.3786,Positive,Medium
the upgrade is totally nonsense keeps on closing by himself still cannot be able to sign in ur account this is totally nonsense,1,0,46.8.3,2026-09-10 06:20:43,46.8.3,TikTok,-0.7172,Negative,Low
يا ى,5,0,,2026-09-10 06:20:17,,TikTok,0.0,Neutral,High
good apps,5,0,,2026-09-10 06:18:40,,TikTok,0.4404,Positive,High
bold,4,0,46.8.3,2026-09-10 06:15:33,46.8.3,TikTok,0.3818,Positive,High
nice app,5,0,46.9.1,2026-09-10 06:14:36,46.9.1,TikTok,0.4215,Positive,High
perfect anything,5,0,,2026-09-10 06:14:04,,TikTok,0.5719,Positive,High
this is my favourite app,5,0,46.8.3,2026-09-10 06:10:39,46.8.3,TikTok,0.0,Neutral,High
good,5,0,,2026-09-10 06:07:14,,TikTok,0.4404,Positive,High
me encanta,5,0,46.8.3,2026-09-10 06:02:06,46.8.3,TikTok,0.0,Neutral,High
good for all people,4,0,,2026-09-10 06:01:40,,TikTok,0.4404,Positive,High
no comment,5,0,,2026-09-10 06:01:03,,TikTok,-0.296,Negative,High
not good i have view problem not my video go up,1,1,46.8.3,2026-09-10 06:00:12,46.8.3,TikTok,-0.6256,Negative,Low
30 seconds into scrolling and the app starts glitching out really really bad and then it just freezes.. unable to close out of the app or anything because it freezes my entire device.. can't even restart my device.. stupid app gets worse w/ every update.. 😠😡🤬🤬🤬🤬,1,32,46.8.3,2026-09-10 05:58:16,46.8.3,TikTok,-0.9334,Negative,Low
much better,5,0,46.7.3,2026-09-10 05:56:44,46.7.3,TikTok,0.4404,Positive,High
شه فکر کوم,5,0,,2026-09-10 05:56:16,,TikTok,0.0,Neutral,High
trgi,1,0,,2026-09-10 05:52:38,,TikTok,0.0,Neutral,Low
sfrash,5,0,46.6.3,2026-09-10 05:47:00,46.6.3,TikTok,0.0,Neutral,High
it's very nice aap,5,0,46.7.3,2026-09-10 05:46:29,46.7.3,TikTok,0.4754,Positive,High
multiple delete really needed for messages. ;(,1,1,16.0.43,2026-09-10 05:43:22,16.0.43,TikTok,0.0,Neutral,Low
pls my tiktok is not working properly on my phone everytime i download it pls can u fix it for huawei mate 9,4,1,46.8.3,2026-09-10 05:40:40,46.8.3,TikTok,0.1531,Positive,High
"poor, i've had 2 different accounts one with 100k and one with 50 k both taken for absolutely no reason given. they promised to pay for videos then never did. (they owe me quite a lot currently). so much drama, then the wrong people lose accounts. 1 vs. 100,000 seems a little unrealistic to take an account over.",1,1,46.7.3,2026-09-10 05:39:14,46.7.3,TikTok,-0.8516,Negative,Low
"absolutely terrible forgot password process. got a new phone and tried logging into my second account, since i never signed in it again after signing it up i forgot the password so i press forgot password. it sends me the code i put it in and it says incorrect password or that it expired when i literally got the email 1 minute ago and the numbers are the exact same. i tried again fir 30 mins and the exact same code kept coming and the same message. please fix this",3,0,46.8.3,2026-09-10 05:38:51,46.8.3,TikTok,-0.2716,Negative,Medium
very good app. i like it's simple method of using. while using this app i feel stress free.i like tiktok very much ❤️💝💗.,5,0,37.8.5,2026-09-10 05:36:53,37.8.5,TikTok,0.9381,Positive,High
dilhsad,5,1,,2026-09-10 05:35:56,,TikTok,0.0,Neutral,High
primum,5,0,46.8.3,2026-09-10 05:25:13,46.8.3,TikTok,0.0,Neutral,High
following feed didn't load. just shows profiles of trending creators as if i don't already have hundreds of profiles i follow.,1,12,28.9.3,2026-09-10 05:24:04,28.9.3,TikTok,0.0,Neutral,Low
this app is very slow in low device.please fix the bug.,1,0,,2026-09-10 05:22:35,,TikTok,-0.3321,Negative,Low
bad,5,1,,2026-09-10 05:18:44,,TikTok,-0.5423,Negative,High
very good😍😍💖💖💛💛💎👑💚💌,5,0,46.9.1,2026-09-10 05:09:30,46.9.1,TikTok,0.9906,Positive,High
kinhman,5,1,46.8.3,2026-09-10 05:07:58,46.8.3,TikTok,0.0,Neutral,High
so nice 👍 this app,5,1,46.8.3,2026-09-10 05:01:01,46.8.3,TikTok,0.4754,Positive,High
support tiktok creator,5,1,,2026-09-10 04:57:25,,TikTok,0.4019,Positive,High
tik tok good morning i am sorry good morning tiktok how are you i am fine,5,0,,2026-09-10 04:55:25,,TikTok,0.743,Positive,High
nice,5,0,,2026-09-10 04:53:40,,TikTok,0.4215,Positive,High
wonder,5,0,,2026-09-10 04:51:59,,TikTok,0.0,Neutral,High
still worst app but stop being so sensitive af,1,1,46.9.1,2026-09-10 04:49:53,46.9.1,TikTok,-0.6542,Negative,Low
nice,5,0,,2026-09-10 04:43:03,,TikTok,0.4215,Positive,High
wow nice beautiful good app love you 🤭,4,0,46.7.3,2026-09-10 04:42:13,46.7.3,TikTok,0.9674,Positive,High
শিমুল,2,0,,2026-09-10 04:42:13,,TikTok,0.0,Neutral,Low
cool,5,0,45.0.3,2026-09-10 04:42:02,45.0.3,TikTok,0.3182,Positive,High
for you,5,0,,2026-09-10 04:41:32,,TikTok,0.0,Neutral,High
always reliable always say what i needed i just wish i had internet so i can use on the outside,5,0,46.8.3,2026-09-10 04:39:44,46.8.3,TikTok,0.4019,Positive,High
its cool,5,0,46.4.3,2026-09-10 04:39:36,46.4.3,TikTok,0.3182,Positive,High
me gusta,5,0,46.9.1,2026-09-10 04:33:13,46.9.1,TikTok,0.0,Neutral,High
there’s a new update every day is it really necessary,1,1,46.8.3,2026-09-10 04:32:42,46.8.3,TikTok,0.0,Neutral,Low
its pretty odd. however i don't ever remember reviewing this app but i've apparently given it 5 stars? switching to 1 star doe that reason.,1,0,46.8.3,2026-09-10 04:32:29,46.8.3,TikTok,0.1154,Positive,Low
why do some cement not show up in my notifications??,1,0,,2026-09-10 04:30:32,,TikTok,0.0,Neutral,Low
mumtaz khan mumtaz,5,0,46.6.3,2026-09-10 04:29:44,46.6.3,TikTok,0.0,Neutral,High
it's really beautiful website 💙💙,4,0,,2026-09-10 04:29:19,,TikTok,0.9273,Positive,High
nice,1,0,46.8.3,2026-09-10 04:28:15,46.8.3,TikTok,0.4215,Positive,Low
too many ads and ai.,1,0,46.8.3,2026-09-10 04:27:55,46.8.3,TikTok,0.0,Neutral,Low
learning,5,0,46.4.3,2026-09-10 04:26:56,46.4.3,TikTok,0.0,Neutral,High
it won't let me scroll to following it's stuck on follow,1,0,46.8.3,2026-09-10 04:26:50,46.8.3,TikTok,-0.25,Negative,Low
md munshi,5,0,46.8.3,2026-09-10 04:26:31,46.8.3,TikTok,0.0,Neutral,High
it's bothering me,1,0,46.8.3,2026-09-10 04:25:39,46.8.3,TikTok,-0.3818,Negative,Low
emon,5,0,,2026-09-10 04:25:33,,TikTok,0.0,Neutral,High
yeah,5,0,46.0.3,2026-09-10 04:22:43,46.0.3,TikTok,0.296,Positive,High
views problem 😭,5,0,45.7.3,2026-09-10 04:16:37,45.7.3,TikTok,-0.7003,Negative,High
it's okay just takes 2 minutes to load a single video,5,0,46.4.3,2026-09-10 04:13:18,46.4.3,TikTok,0.2263,Positive,High
i love it,5,0,46.3.3,2026-09-10 04:12:59,46.3.3,TikTok,0.6369,Positive,High
"my experience is sacristy. so far so good. to me, tiktok is an app i will continue to follow.",5,0,23.9.5,2026-09-10 04:12:54,23.9.5,TikTok,0.6213,Positive,High
"last update made several videos appear black (as in no picture and only sound), but when you go to the profile page of the creator and find the video, it plays with both video and sound.. really annoying.",1,1,46.8.3,2026-09-10 04:09:08,46.8.3,TikTok,-0.4748,Negative,Low
good,5,0,34.8.0,2026-09-10 04:08:40,34.8.0,TikTok,0.4404,Positive,High
يوجد مشاكل في تنزيل فديوهات و بطئ جدا,1,0,46.8.3,2026-09-10 04:03:13,46.8.3,TikTok,0.0,Neutral,Low
following page wont show me anyone im following just keeps recommending me random people to follow.,1,1,46.9.1,2026-09-10 04:02:59,46.9.1,TikTok,0.0,Neutral,Low
why does this tiktok keep getting stuck,1,0,43.9.3,2026-09-10 03:58:40,43.9.3,TikTok,-0.25,Negative,Low
"easily the worst social platform around. considering how much money they make from coin purchases, its shocking how unstable, full of bugs and glitches this app is. its pathetic really. strongly recommend you dont purchases anything. i now have coins i cant use because the app is glitching so bad, i can't even view a host. (2 weeks now with this issue). and no, you cant get your money back. dont spend money on tiktok!!",1,0,46.8.3,2026-09-10 03:58:21,46.8.3,TikTok,-0.9101,Negative,Low
"tiktok has been reducing my followers even when i start posting, that's very bad. do they want me to start from the beginning? 🤔",3,1,,2026-09-10 03:58:13,,TikTok,-0.5413,Negative,Medium
نرراحمد وف 🌹🥀,5,0,,2026-09-10 03:52:35,,TikTok,0.0,Neutral,High
"hello tiktok support, i'm having a problem with tik tok watch history. after new update my watch history paused from tomorrow.then someone post but showing""post unavailable"" . everything is fine with my privacy settings, and i have already cleared the cache, updated the app, logged out and logged back in.then i don't get chat wallpaper . please check my account and fix this issue. thank you 🥺",1,0,46.8.3,2026-09-10 03:50:28,46.8.3,TikTok,0.8402,Positive,Low
need help to improve app features.not working with my gmail properly??,3,0,46.8.3,2026-09-10 03:48:47,46.8.3,TikTok,0.7149,Positive,Medium
its good but .... idk🫪✌️,4,0,,2026-09-10 03:48:36,,TikTok,0.2382,Positive,High
auto translation doesn't work,3,0,46.8.3,2026-09-10 03:47:58,46.8.3,TikTok,0.0,Neutral,Medium
nice,5,0,,2026-09-10 03:47:53,,TikTok,0.4215,Positive,High
the first time you get it work but when you close the app and reopen it it lags so bad but i use the tiktok web i wish i can make calls and do gifs on the web.,3,0,46.8.3,2026-09-10 03:47:04,46.8.3,TikTok,-0.7868,Negative,Medium
nice,5,0,46.8.3,2026-09-10 03:47:04,46.8.3,TikTok,0.4215,Positive,High
graa,5,1,,2026-09-10 03:42:29,,TikTok,0.0,Neutral,High
best app ever,5,0,46.7.3,2026-09-10 03:41:10,46.7.3,TikTok,0.6369,Positive,High
i like it,5,0,,2026-09-10 03:33:10,,TikTok,0.3612,Positive,High
hello tiktok teem please this my original tik tok account wafadar baloch king so please virl my account video vira no view no liek and so please,5,0,,2026-09-10 03:32:54,,TikTok,0.8508,Positive,High
ভালো,5,0,46.8.3,2026-09-10 03:27:43,46.8.3,TikTok,0.0,Neutral,High
"i love it, just that mines ain't upgraded yet",5,0,46.8.3,2026-09-10 03:27:40,46.8.3,TikTok,0.6369,Positive,High
very good,5,0,46.8.3,2026-09-10 03:25:53,46.8.3,TikTok,0.4927,Positive,High
tik tok is best app,5,0,46.6.3,2026-09-10 03:24:41,46.6.3,TikTok,0.6369,Positive,High
"i would give it a 5-star rating, but tt cannot do pip! please write code for picture-in-picture!",4,0,46.8.3,2026-09-10 03:23:29,46.8.3,TikTok,-0.4637,Negative,High
🥰🥰,5,0,,2026-09-10 03:22:46,,TikTok,0.9393,Positive,High
this application is time loser,1,0,,2026-09-10 03:21:15,,TikTok,-0.5267,Negative,Low
"giant app takes more space than it should, kills your battery, and doesn't even let me see the accounts i'm following because unclosable ads for more users i don't want to follow are blocking",1,551,46.8.3,2026-09-10 03:21:02,46.8.3,TikTok,-0.7447,Negative,Low
good good💯😊👍💯👍,5,0,,2026-09-10 03:20:42,,TikTok,0.8957,Positive,High
good app,5,1,46.8.3,2026-09-10 03:15:54,46.8.3,TikTok,0.4404,Positive,High
adnanali,5,0,46.8.3,2026-09-10 03:14:17,46.8.3,TikTok,0.0,Neutral,High
good apps,5,0,,2026-09-10 03:12:27,,TikTok,0.4404,Positive,High
saeed 🪐🦋 100k,5,0,,2026-09-10 03:06:44,,TikTok,0.0,Neutral,High
আপনার টিকটক অনেক খারাপ কিছু ছবি ভিডিও দেখায়াই তাই। 5 ster,5,0,,2026-09-10 03:04:27,,TikTok,0.0,Neutral,High
সময় কাটানোর জন্য বেস্ট 🤍,5,0,46.8.3,2026-09-10 03:03:54,46.8.3,TikTok,0.0,Neutral,High
zeesham,1,0,46.6.3,2026-09-10 03:02:12,46.6.3,TikTok,0.0,Neutral,Low
irfan,1,0,,2026-09-10 02:57:42,,TikTok,0.0,Neutral,Low
best way,5,0,46.8.3,2026-09-10 02:56:25,46.8.3,TikTok,0.6369,Positive,High
please ticktok mara account pr warning khtm kr dy next asa kuch bhi upload nhi ho gha please please please please please please please please please please please please please please please please please please please please please please please please please please please please please give me a chance please sir 🙏🙏🙏🙏🙏🙏🙏🙏🙏😭🙏🙏🙏,1,1,46.7.3,2026-09-10 02:54:34,46.7.3,TikTok,0.9948,Positive,Low
not add buddy,5,0,,2026-09-10 02:52:53,,TikTok,0.0,Neutral,High
unfreeze my account,5,1,46.7.3,2026-09-10 02:50:27,46.7.3,TikTok,0.0,Neutral,High
zeeshankhan zeeshankhan zeeshankhan zeeshankhan zeeshankhan,5,1,46.7.3,2026-09-10 02:49:17,46.7.3,TikTok,0.0,Neutral,High
what is wrong with this app it's non-functional today even after an update can't scroll at all.,1,1,46.8.3,2026-09-10 02:43:07,46.8.3,TikTok,-0.4767,Negative,Low
bts army 🌷🌷🌷,1,1,46.8.3,2026-09-10 02:37:24,46.8.3,TikTok,0.0,Neutral,Low
"""community guidelines"" excuse me🫩 if i could give 0 stars i would. f tt bs.",1,1,46.8.3,2026-09-10 02:34:20,46.8.3,TikTok,0.0772,Positive,Low
good,5,1,45.7.2,2026-09-10 02:33:38,45.7.2,TikTok,0.4404,Positive,High
videos,1,1,46.1.3,2026-09-10 02:33:09,46.1.3,TikTok,0.0,Neutral,Low
open my tik tok account,5,15,44.2.3,2026-09-10 02:32:46,44.2.3,TikTok,0.0,Neutral,High
good tiktok,1,1,46.7.3,2026-09-10 02:32:15,46.7.3,TikTok,0.4404,Positive,Low
tasir,5,1,,2026-09-10 02:31:15,,TikTok,0.0,Neutral,High
i love this,5,1,45.0.3,2026-09-10 02:30:44,45.0.3,TikTok,0.6369,Positive,High
zeeshan,1,1,46.9.1,2026-09-10 02:28:28,46.9.1,TikTok,0.0,Neutral,Low
nasiib cali nasiib shi cali,5,1,,2026-09-10 02:26:31,,TikTok,0.0,Neutral,High
nice app,5,0,,2026-09-10 02:22:00,,TikTok,0.4215,Positive,High
one of the best app for pass the time 💞😊,5,1,,2026-09-10 02:21:25,,TikTok,0.9382,Positive,High
aj kal tiktok aam logon ko tiktok live option bhi nahin deti yaar ham log bhi to tiktok life chala sakte hain na kyunki yah badon ko fayda sochati hai chhote tiktok karo kabhi yah option nahin deti kyunki iska hak banta hai ki hajar follower wale ko har hal mein tiktok live option please tiktok team allow karen pakistan mein syed darkhast karta hun,1,1,46.2.3,2026-09-10 02:21:21,46.2.3,TikTok,0.7269,Positive,Low
the fyp hasn't been loading videos for me at all for the last week and the glitches and lagging constantly is also super annoying!,1,1,46.8.3,2026-09-10 02:15:40,46.8.3,TikTok,0.1007,Positive,Low
hr dusry din update krna lazmi hai kia ?? aik jaga rukty q nhi ho kia keerra hai ?? achy bhaly filter thy sab gaib kr k bakwas filter dal diye. jitna update krty ja rhy utna bakwas application hoti ja rhi,1,1,46.3.3,2026-09-10 02:15:03,46.3.3,TikTok,-0.885,Negative,Low
very good,5,1,,2026-09-10 02:13:46,,TikTok,0.4927,Positive,High
tiktok is amazing and it's 100% funner than youtube,5,1,46.2.3,2026-09-10 02:13:16,46.2.3,TikTok,0.7906,Positive,High
alyaskhan,5,1,46.4.3,2026-09-10 02:10:58,46.4.3,TikTok,0.0,Neutral,High
nick jr,5,1,,2026-09-10 02:07:35,,TikTok,0.0,Neutral,High
good luck,5,1,,2026-09-10 02:00:38,,TikTok,0.7096,Positive,High
people can hack into your phone and personal information without trying do not download this app!!!!!,1,1,42.4.4,2026-09-10 01:56:47,42.4.4,TikTok,0.0,Neutral,Low
i love it but it's a little bit boring but it's still good 💕,4,1,,2026-09-10 01:55:02,,TikTok,0.8972,Positive,High
create,5,1,,2026-09-10 01:54:50,,TikTok,0.2732,Positive,High
this app is good you can chat with ur friends but sometimes there are adsss and it takes too long to get updated,4,1,37.1.4,2026-09-10 01:53:11,37.1.4,TikTok,0.4588,Positive,High
tayyab@786 hff,5,1,,2026-09-10 01:52:45,,TikTok,0.0,Neutral,High
imran kumar 20,5,1,,2026-09-10 01:44:02,,TikTok,0.0,Neutral,High
love tiktok but when i'm off the app using something else there ads are intrusive..and rude take over your phone,4,1,46.8.3,2026-09-10 01:41:09,46.8.3,TikTok,-0.34,Negative,High
' tik tok is goated frl,5,1,46.6.3,2026-09-10 01:40:22,46.6.3,TikTok,0.0,Neutral,High
me gusta,5,1,46.9.1,2026-09-10 01:38:28,46.9.1,TikTok,0.0,Neutral,High
admjadjamtadmaj was a,5,1,,2026-09-10 01:37:28,,TikTok,0.0,Neutral,High
tiktok,5,1,46.7.3,2026-09-10 01:23:29,46.7.3,TikTok,0.0,Neutral,High
tiktok is a life saving app whenever i get bored tiktok help me out,5,1,,2026-09-10 01:23:06,,TikTok,0.1531,Positive,High
i hate this app stop sending ads,1,1,,2026-09-10 01:22:57,,TikTok,-0.7096,Negative,Low
so so good god thank you,5,1,,2026-09-10 01:19:55,,TikTok,0.835,Positive,High
"accidentally swiped to some movie or show and it wouldn't shut off. cleared all my apps and the audio kept playing even with my phone locked. had to uninstall just to stop the audio. guess i'll keep it uninstalled, absolutely ridiculous.",1,1,21.6.4,2026-09-10 01:14:42,21.6.4,TikTok,-0.7086,Negative,Low
constant bugging,2,1,,2026-09-10 01:14:26,,TikTok,0.0,Neutral,Low
very amazing 🤩😍,5,1,46.0.3,2026-09-10 01:12:36,46.0.3,TikTok,0.8104,Positive,High
it's good app,5,1,46.8.3,2026-09-10 01:12:19,46.8.3,TikTok,0.4404,Positive,High
nice app,5,1,45.4.3,2026-09-10 01:11:42,45.4.3,TikTok,0.4215,Positive,High
rubbish absolutely rubbish adds addsadds,1,1,,2026-09-10 01:08:46,,TikTok,0.0,Neutral,Low
heheheh,5,1,,2026-09-10 01:08:32,,TikTok,0.0,Neutral,High
horrible,1,1,,2026-09-10 01:06:27,,TikTok,-0.5423,Negative,Low
muy lento,2,1,44.4.3,2026-09-10 00:59:34,44.4.3,TikTok,0.0,Neutral,Low
fix your damn active status issues and watch history i've spent two days trying to fix both and nothing has worked and y'all put out an update twice in the past two days and still haven't fixed the issue y'all honestly suck are your jobs,1,0,46.9.1,2026-09-10 00:59:31,46.9.1,TikTok,0.0258,Neutral,Low
it is very nice but viral my tiktok video please,5,1,46.8.3,2026-09-10 00:56:53,46.8.3,TikTok,0.6119,Positive,High
my video for you to,5,1,46.8.3,2026-09-10 00:56:29,46.8.3,TikTok,0.0,Neutral,High
jeyklan vasquez arists ariel,5,1,46.7.3,2026-09-10 00:52:05,46.7.3,TikTok,0.0,Neutral,High
no one,5,1,46.3.3,2026-09-10 00:50:21,46.3.3,TikTok,-0.296,Negative,High
not getting follow views likes and comments,5,1,46.9.1,2026-09-10 00:39:42,46.9.1,TikTok,0.4215,Positive,High
برنامج جيد للمتعه والترفيه,5,1,,2026-09-10 00:38:32,,TikTok,0.0,Neutral,High
"need to bring back the ability to scroll feed, check notifications and other app functions while using live stream pip. when using pip and you click the app to get into the app and it just maximizes the live stream. absolutely sucks i can't use app functions while in pip anymore",3,23,46.8.3,2026-09-10 00:36:34,46.8.3,TikTok,-0.1263,Negative,Medium
shakil skshakil,5,1,46.4.3,2026-09-10 00:35:40,46.4.3,TikTok,0.0,Neutral,High
"my tiktok wont show lives, i've updated cleared cache, restarted updated phone everything",3,1,46.8.3,2026-09-10 00:34:54,46.8.3,TikTok,0.1027,Positive,Medium
شاہ زیب,5,1,46.8.3,2026-09-10 00:32:12,46.8.3,TikTok,0.0,Neutral,High
sound like you were doing well,5,1,46.4.3,2026-09-10 00:30:50,46.4.3,TikTok,0.5574,Positive,High
وندرفول,5,1,,2026-09-10 00:26:06,,TikTok,0.0,Neutral,High
i don't need it now,1,1,46.2.3,2026-09-10 00:23:37,46.2.3,TikTok,0.0,Neutral,Low
i can make a tiktok for someone else,5,1,,2026-09-10 00:23:34,,TikTok,0.0,Neutral,High
♥️♥️♥️♥️,5,1,,2026-09-10 00:20:56,,TikTok,0.9571,Positive,High
update,5,1,46.4.3,2026-09-10 00:19:44,46.4.3,TikTok,0.0,Neutral,High
latest version for me is very unstable at the moment causing performance issues,2,1,46.9.1,2026-09-10 00:19:01,46.9.1,TikTok,-0.4201,Negative,Low
"won't let me update my birthday took away my live, messages and my videos are not getting the same views as before, just overall has became aggravating over the past couple weeks i don't find enjoyment in watching videos anymore, the audio freezes and then when i go out the app continues to keep playing, just no update to better standards! and i posted a video i put words on there didn't even show up when posted so i had to redo it just annoying",1,1,46.7.3,2026-09-10 00:16:15,46.7.3,TikTok,-0.6923,Negative,Low
so lame,5,1,46.8.3,2026-09-10 00:16:08,46.8.3,TikTok,-0.4754,Negative,High
super weird experience. showed me weird videos,1,1,46.8.3,2026-09-10 00:12:46,46.8.3,TikTok,0.3612,Positive,Low
clear thoughts,5,1,45.9.3,2026-09-10 00:06:41,45.9.3,TikTok,0.3818,Positive,High
love it,5,1,46.8.3,2026-09-10 00:06:23,46.8.3,TikTok,0.6369,Positive,High
good 💯,5,1,46.8.3,2026-09-10 00:05:44,46.8.3,TikTok,0.4404,Positive,High
tiktok is good i'm just too tired to right stuff,5,1,46.6.3,2026-09-10 00:04:39,46.6.3,TikTok,0.0,Neutral,High
mohammed shahzad,5,1,46.6.3,2026-09-10 00:04:03,46.6.3,TikTok,0.0,Neutral,High
is had to use,5,1,,2026-09-10 00:00:47,,TikTok,0.0,Neutral,High
good 👍,5,1,,2026-09-09 23:59:37,,TikTok,0.4404,Positive,High
"tik tok you are not right ,so i am done with tok , don't come my email ,any other thing i had on the internet ,you don't treat black people right ,so good bye .",1,1,46.7.3,2026-09-09 23:54:50,46.7.3,TikTok,0.1635,Positive,Low
good,4,1,,2026-09-09 23:46:57,,TikTok,0.4404,Positive,High
this app is very nice i am using tiktok for 6 year no issues no adds nice steel good 😊,5,1,46.8.3,2026-09-09 23:46:52,46.8.3,TikTok,0.8537,Positive,High
tik tok rate this app,5,1,46.4.3,2026-09-09 23:46:03,46.4.3,TikTok,0.0,Neutral,High
"ok, now what is happening whith this stupid age verification thing... after i did this and leleeted ""some vids"" it removed all of my thing. at least they said in 13-15, and not 6-9. thank got that diddint happend. cus i'm 13, and it was a mistake to remove ""some vids""",3,1,,2026-09-09 23:42:08,,TikTok,-0.8181,Negative,Medium
good,5,1,46.6.3,2026-09-09 23:41:23,46.6.3,TikTok,0.4404,Positive,High
i don't like it,5,1,,2026-09-09 23:33:55,,TikTok,-0.2755,Negative,High
their ads are repetitive and long. it's irritating to me...no matter how many ads they bombard me with. i don't want a tiktok app,1,1,46.4.3,2026-09-09 23:32:14,46.4.3,TikTok,-0.6276,Negative,Low
app. easy. to. use. and navigate,5,1,,2026-09-09 23:29:56,,TikTok,0.4404,Positive,High
is it possible,1,1,46.7.3,2026-09-09 23:25:57,46.7.3,TikTok,0.0,Neutral,Low
we,5,1,,2026-09-09 23:23:08,,TikTok,0.0,Neutral,High
tiktok,5,1,,2026-09-09 23:19:00,,TikTok,0.0,Neutral,High
"for some reason my feeds are not updating, when i go to my the people i follow is not updating or showing anything.",1,1,46.8.3,2026-09-09 23:14:18,46.8.3,TikTok,0.0,Neutral,Low
i like tik tok a lot because i used to search many things,3,1,,2026-09-09 23:12:36,,TikTok,0.3612,Positive,Medium
fast and convenient the best service,5,1,,2026-09-09 23:10:37,,TikTok,0.6369,Positive,High
good,5,1,,2026-09-09 23:08:27,,TikTok,0.4404,Positive,High
tiktok moderation is a joke. reciprocal video-game trash talk gets removed as “hateful” while identical videos from others stay up. report system is easily gamed by marxist account-hoppers and liberal crybabies. support closes tickets after sending a canned response. appeals do nothing but cause strikes on your account. every other platform allows this content. 18+ setting is a useless joke. double standards and zero consistency. enabling soft gatekeepers while punishing normal speech. one star.,1,4,,2026-09-09 23:07:27,,TikTok,-0.2465,Negative,Low
"very easy to use and fyp is really interesting, especially ai series i love them",4,1,46.6.3,2026-09-09 23:06:58,46.6.3,TikTok,0.8856,Positive,High
got age restricted for nothing. i did nothing. i'm old enough to have tiktok and chat on it.,1,1,46.8.3,2026-09-09 23:02:13,46.8.3,TikTok,-0.3818,Negative,Low
stop hating on tt but just fix when u make a vid u goes to delete itself like 😭,5,1,46.8.3,2026-09-09 23:01:58,46.8.3,TikTok,-0.5647,Negative,High
i just love it 🫀,5,1,44.4.3,2026-09-09 22:58:01,44.4.3,TikTok,0.6369,Positive,High
so nice,5,1,,2026-09-09 22:56:34,,TikTok,0.4754,Positive,High
good,2,1,41.6.3,2026-09-09 22:55:56,41.6.3,TikTok,0.4404,Positive,Low
daldal,5,1,,2026-09-09 22:54:25,,TikTok,0.0,Neutral,High
update,1,1,46.8.3,2026-09-09 22:52:39,46.8.3,TikTok,0.0,Neutral,Low
where going home now and then you,5,1,,2026-09-09 22:51:35,,TikTok,0.0,Neutral,High
the video quality is ok on my phone but bad on other devices and my videos are not even going viral,1,1,46.7.3,2026-09-09 22:47:38,46.7.3,TikTok,-0.631,Negative,Low
the truth is against tiktoks community standards so i just left it an anti white anti irish app every nationality can say what they want except the irish i've had politicians speaking in the dail removed for misinformation newspaper articles same even mainstream television worst social media app going anti social more like,1,1,,2026-09-09 22:46:15,,TikTok,-0.785,Negative,Low
honestly it's not bad but all the ads and stuff make me really annoyed and i just wanna watch tik tok that's it the problem is that tiktok like not perfect but ok... 2 stars not bad,2,1,,2026-09-09 22:41:47,,TikTok,-0.3478,Negative,Low
i signed up to watch a certain series ind it says i need to signin ti use app also i cannot find the series i want every episode has a different total how can it be watched 1st to last when you do not know the beginning,1,1,,2026-09-09 22:41:16,,TikTok,0.34,Positive,Low
they banned me for showing proof,2,1,46.8.3,2026-09-09 22:39:07,46.8.3,TikTok,-0.4588,Negative,Low
i love the app so much,5,1,,2026-09-09 22:37:20,,TikTok,0.6369,Positive,High
it's okay just a little laggy,4,1,46.8.3,2026-09-09 22:36:30,46.8.3,TikTok,0.2263,Positive,High
"everytime i'm on a live, it glitches, lags and kicks me out of the app!",1,47,46.8.3,2026-09-09 22:36:09,46.8.3,TikTok,-0.4199,Negative,Low
من چند تا اکانت ساختم هر دو تاشم پرید من سنم بالای ۱۴ سال هست اما میزد که نمیتونی از اکانت استفاده کنی واقعا که,1,1,,2026-09-09 22:33:30,,TikTok,0.0,Neutral,Low
all good,5,1,,2026-09-09 22:33:21,,TikTok,0.4404,Positive,High
"bro, i keep trying to change my profile and it keeps saying ""you've changed your profile too much today"" or something like that. when i've only changed my profile like one time 💔💔",3,1,42.9.3,2026-09-09 22:28:08,42.9.3,TikTok,0.802,Positive,Medium
love tik tok you can go from one side world 🌎 to over,5,1,46.8.3,2026-09-09 22:21:21,46.8.3,TikTok,0.6369,Positive,High
it's a great app,5,1,,2026-09-09 22:16:50,,TikTok,0.6249,Positive,High
"1) explain how tik-tok is taking 60% of gifts from artists on live. that's greed & ridiculous. you shouldn't be taking more than 10%. 2) i own the f'n rights to my songs & i can't use my own damn song in my own damn paid promotions? this is retarded. you guys destroyed this app. what are you doing? 3) what idiot is deciding on account strikes and not reading appeals? you guys are completely brain dead. 4) app, is heavily censored and retarded. ""you're disgusting"" was removed - retarded!!",1,3,46.6.3,2026-09-09 22:09:02,46.6.3,TikTok,-0.9908,Negative,Low
goated app🥹,5,1,46.8.3,2026-09-09 22:08:30,46.8.3,TikTok,0.0,Neutral,High
very good,5,1,,2026-09-09 22:05:20,,TikTok,0.4927,Positive,High
good 😊,5,1,46.8.3,2026-09-09 22:05:01,46.8.3,TikTok,0.836,Positive,High
very good,5,1,,2026-09-09 22:04:50,,TikTok,0.4927,Positive,High
i mean it's tiktok. what more to say?,5,1,46.7.3,2026-09-09 22:03:21,46.7.3,TikTok,0.0,Neutral,High
i'm sure he will have to come back to get the only thing that was a long day of your period is coming out of work today so we will have to get,5,1,,2026-09-09 22:03:14,,TikTok,0.3182,Positive,High
better.nice choice of communication,5,1,,2026-09-09 22:02:58,,TikTok,0.0,Neutral,High
love it,5,1,,2026-09-09 22:01:24,,TikTok,0.6369,Positive,High
thanks you,5,1,46.8.3,2026-09-09 21:57:26,46.8.3,TikTok,0.4404,Positive,High
i posted a normal video..photos about summer and the sea suddenly they removed my vid and sent me the first warning ! i press the appeal and they say something went wrong!! and then i reported this and nothing happened... please solve this problem,2,1,46.8.3,2026-09-09 21:54:12,46.8.3,TikTok,-0.8917,Negative,Low
brand,5,1,,2026-09-09 21:51:36,,TikTok,0.0,Neutral,High
great app,5,1,46.8.3,2026-09-09 21:46:06,46.8.3,TikTok,0.6249,Positive,High
if you want to be cyberstalked this is the app for you. reported it and nothing done. very one sided app when it comes to expressing yourself. hate mongers can post whatever speak up against it and somehow go against the guidelines. felt like my freedom of speech was taking away.,1,1,33.3.4,2026-09-09 21:43:37,33.3.4,TikTok,0.5106,Positive,Low
edu.alekso,5,1,,2026-09-09 21:43:11,,TikTok,0.0,Neutral,High
none,5,1,,2026-09-09 21:42:07,,TikTok,0.0,Neutral,High
yays,4,0,46.8.3,2026-09-09 21:41:28,46.8.3,TikTok,0.0,Neutral,High
topnotch,5,1,45.0.3,2026-09-09 21:40:55,45.0.3,TikTok,0.0,Neutral,High
"in unsecured ,god secured me in public move",5,1,,2026-09-09 21:38:13,,TikTok,0.296,Positive,High
love,5,1,46.8.3,2026-09-09 21:33:45,46.8.3,TikTok,0.6369,Positive,High
when i go to my follow page it just shows me people to follow. i just use this awful app to follow idols. stop recommending me slop,1,1,46.8.3,2026-09-09 21:33:42,46.8.3,TikTok,-0.6908,Negative,Low
pretty sure the app got hacked. you can't watch anything without malignant ads popping up literally every 10 seconds,1,1,46.9.1,2026-09-09 21:26:57,46.9.1,TikTok,0.4215,Positive,Low
تطبيق جيد جدا جدا ويمكن أن تتصل بي اي احد علي التطبيق,5,1,,2026-09-09 21:25:19,,TikTok,0.0,Neutral,High
excellent,5,1,,2026-09-09 21:21:58,,TikTok,0.5719,Positive,High
hiko godenaa,5,1,46.3.3,2026-09-09 21:21:39,46.3.3,TikTok,0.0,Neutral,High
فري ڨود,5,1,,2026-09-09 21:18:18,,TikTok,0.0,Neutral,High
tuff,5,1,46.8.3,2026-09-09 21:14:30,46.8.3,TikTok,0.0,Neutral,High
ممتاز,5,1,42.9.3,2026-09-09 21:14:15,42.9.3,TikTok,0.0,Neutral,High
please make my tiktok very new updated one,5,1,46.6.3,2026-09-09 21:11:29,46.6.3,TikTok,0.3182,Positive,High
help,5,1,41.3.3,2026-09-09 21:09:25,41.3.3,TikTok,0.4019,Positive,High
slop,1,1,46.8.3,2026-09-09 21:08:59,46.8.3,TikTok,0.0,Neutral,Low
from all apps that i have this always need to update in a very short time why? am i the only one with this problem?,3,1,,2026-09-09 21:06:18,,TikTok,-0.54,Negative,Medium
girma,5,1,46.8.3,2026-09-09 21:06:03,46.8.3,TikTok,0.0,Neutral,High
good,1,1,45.5.4,2026-09-09 21:04:09,45.5.4,TikTok,0.4404,Positive,Low
wow i love this app,5,1,,2026-09-09 21:04:07,,TikTok,0.8402,Positive,High
good,5,1,,2026-09-09 21:01:09,,TikTok,0.4404,Positive,High
good,5,1,46.8.3,2026-09-09 20:59:44,46.8.3,TikTok,0.4404,Positive,High
it's a really good app and i love it so much ❣️,5,1,46.4.3,2026-09-09 20:59:24,46.4.3,TikTok,0.9162,Positive,High
penup,5,1,46.5.3,2026-09-09 20:52:44,46.5.3,TikTok,0.0,Neutral,High
well all i have to say is the app is really really amazing,5,1,,2026-09-09 20:52:13,,TikTok,0.7559,Positive,High
❤️🥰,5,1,34.8.4,2026-09-09 20:50:08,34.8.4,TikTok,0.8074,Positive,High
my love,5,1,,2026-09-09 20:47:22,,TikTok,0.6369,Positive,High
very nice,5,1,,2026-09-09 20:46:04,,TikTok,0.4754,Positive,High
tiktok,5,1,,2026-09-09 20:45:19,,TikTok,0.0,Neutral,High
it takes long to load and i cant text my friend,3,0,,2026-09-09 20:45:18,,TikTok,-0.3875,Negative,Medium
"i can't reply to people's comments,why there's no even the side camera",5,1,,2026-09-09 20:40:35,,TikTok,-0.296,Negative,High
correct answer working successfully completed,5,1,,2026-09-09 20:37:18,,TikTok,0.4939,Positive,High
too slow,5,1,,2026-09-09 20:34:25,,TikTok,0.0,Neutral,High
"horrible, if you want to get more than 1k views you need to pay, they'll do nothing if you report gross or sickening video, they allowed video of gore, female being actually rape, ai rape video and more, i got proof of they saying a ai video of a male dog being rape doesn't go against they rules but if you talk about anything important them banned your whole account, the community itself is full of hate, even if someone reposted a video about a fandom they'll still hate on you for likes it too,",1,1,46.8.3,2026-09-09 20:31:04,46.8.3,TikTok,-0.9729,Negative,Low
anayatulah awoken,1,1,,2026-09-09 20:27:13,,TikTok,0.0,Neutral,Low
let everyone do live,5,1,46.8.3,2026-09-09 20:27:05,46.8.3,TikTok,0.0,Neutral,High
my account is freezing here 😔 @its_depar,5,1722,46.7.3,2026-09-09 20:21:38,46.7.3,TikTok,-0.0258,Neutral,High
"this app freezes my phone up, it sucks... wouldnt even give a star but you have to...",1,1,46.8.3,2026-09-09 20:19:52,46.8.3,TikTok,-0.2023,Negative,Low
connect to find money,5,1,,2026-09-09 20:18:37,,TikTok,0.0,Neutral,High
evil,1,1,36.3.3,2026-09-09 20:17:05,36.3.3,TikTok,-0.6597,Negative,Low
app very good,5,1,45.7.3,2026-09-09 20:13:01,45.7.3,TikTok,0.4927,Positive,High
carries intrusive ads without an x button and forcibly redirects you to ai slop products. absolutely cancerous!,1,1,46.4.3,2026-09-09 20:12:16,46.4.3,TikTok,0.0,Neutral,Low
tik tok loading issue,1,1,46.7.3,2026-09-09 20:11:32,46.7.3,TikTok,0.0,Neutral,Low
"very racist app. i posted ""thank you"" to a creator for a shepherds pie recipe, comment removed for breaking tos. had some one day they would unalive my family.... not against tos.... just an evil app",1,1,46.8.3,2026-09-09 20:09:48,46.8.3,TikTok,-0.8016,Negative,Low
anasshamsu,5,1,46.8.3,2026-09-09 20:06:12,46.8.3,TikTok,0.0,Neutral,High
cerjiticdodigit,1,0,,2026-09-09 20:03:48,,TikTok,0.0,Neutral,Low
happiness,5,1,38.9.3,2026-09-09 20:02:11,38.9.3,TikTok,0.5574,Positive,High
most useless app in this world,1,1,,2026-09-09 19:57:02,,TikTok,-0.4754,Negative,Low
faiz,4,1,,2026-09-09 19:56:36,,TikTok,0.0,Neutral,High
violates privacy-then questions about ads? i don't care about ads. it's about personal safety.,1,1,46.8.3,2026-09-09 19:55:55,46.8.3,TikTok,-0.4815,Negative,Low
", interesting 🤗😍",5,0,,2026-09-09 19:55:42,,TikTok,0.8176,Positive,High
i really enjoy this app🥰🥰,5,1,,2026-09-09 19:54:36,,TikTok,0.9589,Positive,High
excellent,5,1,,2026-09-09 19:54:13,,TikTok,0.5719,Positive,High
so..... tell me why i'm texting someone and the person i'm texting doesn't have a problem with what i'm saying but it's tiktok if they have a right to report my account some of the things could e an inside joke we're trying to express,1,1,46.8.3,2026-09-09 19:50:25,46.8.3,TikTok,0.5313,Positive,Low
nice 👍,5,1,46.8.3,2026-09-09 19:47:44,46.8.3,TikTok,0.4215,Positive,High
good,5,0,,2026-09-09 19:46:53,,TikTok,0.4404,Positive,High
"buggy as all hell. can't add a profile picture or nickname without telling me that i have edited my profile 'too many times today', even though that was the only time, os 'slow down you are editing too fast'. seriously?",2,0,46.8.3,2026-09-09 19:39:56,46.8.3,TikTok,-0.743,Negative,Low
nice,5,1,46.6.3,2026-09-09 19:38:42,46.6.3,TikTok,0.4215,Positive,High
nice,5,1,,2026-09-09 19:37:43,,TikTok,0.4215,Positive,High
"it's hard to keep my tiktok today on my phone , can't even enjoying it , it's hard",5,1,43.8.3,2026-09-09 19:35:30,43.8.3,TikTok,-0.5538,Negative,High
thank you for all,5,1,,2026-09-09 19:34:34,,TikTok,0.3612,Positive,High
very good,5,1,45.2.3,2026-09-09 19:29:16,45.2.3,TikTok,0.4927,Positive,High
i like this app like something i can't even express,5,1,,2026-09-09 19:29:13,,TikTok,0.6124,Positive,High
khhan,5,1,44.9.3,2026-09-09 19:28:35,44.9.3,TikTok,0.0,Neutral,High
best social media app,5,1,,2026-09-09 19:23:58,,TikTok,0.6369,Positive,High
he 86,4,1,40.3.0,2026-09-09 19:23:27,40.3.0,TikTok,-0.3818,Negative,High
this app is really nice,5,0,,2026-09-09 19:22:40,,TikTok,0.4754,Positive,High
good app 🫠,4,1,,2026-09-09 19:21:00,,TikTok,0.4404,Positive,High
i have restored my phone but my old tiktok account is not finding me please resolve the issue i have used many time but did not match or my some other old accounts shows me exactly not that which i want!!!!!😣😣,3,6,46.8.3,2026-09-09 19:20:20,46.8.3,TikTok,0.6457,Positive,Medium
it can not install,5,1,46.8.3,2026-09-09 19:19:50,46.8.3,TikTok,0.0,Neutral,High
tiktok message not sending and receiving problem | tiktok message not send | ms tech trend copy this appeal dear tiktok support team i am reaching out to report that my ability to sen,1,0,46.8.3,2026-09-09 19:17:50,46.8.3,TikTok,0.6908,Positive,Low
like,5,0,,2026-09-09 19:17:50,,TikTok,0.3612,Positive,High
it's a great app,5,0,,2026-09-09 19:17:31,,TikTok,0.6249,Positive,High
when they created the new update on 3 september 2026 l couldn't update since my phone is a android core 3 and the update is for 6 and above worst app ever,1,0,46.8.3,2026-09-09 19:14:40,46.8.3,TikTok,-0.0258,Neutral,Low
book bcuz az,1,0,,2026-09-09 19:13:30,,TikTok,0.0,Neutral,Low
gay,1,0,37.0.4,2026-09-09 19:13:04,37.0.4,TikTok,0.0,Neutral,Low
"fix your app! my dms are all screwed up i have messages that are taking days and even weeks to get to people. and vice versa. also, you give violations with no actual reasoning. and then when i win my appeals, you keep posts hidden! i can't make any comments without them being held, or outright violated. give the company back to the chinese!",1,0,99.0.3,2026-09-09 19:11:40,99.0.3,TikTok,-0.851,Negative,Low
allow space to ask question of person that writes you emai.,4,0,46.8.3,2026-09-09 19:10:36,46.8.3,TikTok,0.2263,Positive,High
𝙂𝙪𝙙 𝙖𝙥𝙥 ˃ 𖥦 ˂!!! 𝙄 𝙩𝙧𝙞𝙚𝙙 𝙞𝙩 𝙛𝙤𝙧 𝙩𝙝𝙚 𝙛𝙞𝙧𝙨𝙩 𝙩𝙞𝙢𝙚 𝙖𝙣𝙙 𝙞𝙩 𝙬𝙖𝙨 𝙡𝙞𝙠𝙚 𝙖𝙬𝙨𝙤𝙢𝙚𝙚𝙚 𝙄 𝙡𝙞𝙠𝙚 𝙞𝙩,5,1,,2026-09-09 19:09:29,,TikTok,0.0,Neutral,High
hahsejjajj i'm in want,5,0,46.3.3,2026-09-09 19:05:39,46.3.3,TikTok,0.0772,Positive,High
so good 💯,5,0,,2026-09-09 19:05:14,,TikTok,0.4927,Positive,High
ismaaciil yare335,5,1,46.8.3,2026-09-09 19:04:59,46.8.3,TikTok,0.0,Neutral,High
all foolish!!!!!!!stop,1,0,,2026-09-09 18:58:52,,TikTok,0.0,Neutral,Low
okay³,5,0,,2026-09-09 18:54:47,,TikTok,0.0,Neutral,High
good,5,0,,2026-09-09 18:54:34,,TikTok,0.4404,Positive,High
"tiktok is a great app, but i was facing a reach and views issue. please improve account reach and for you recommendations. overall, the app is good.",5,4,46.8.3,2026-09-09 18:53:01,46.8.3,TikTok,0.926,Positive,High
download tiktok,3,0,46.4.3,2026-09-09 18:53:01,46.4.3,TikTok,0.0,Neutral,Medium
💗,5,1,,2026-09-09 18:51:56,,TikTok,0.7096,Positive,High
good,3,0,,2026-09-09 18:51:16,,TikTok,0.4404,Positive,Medium
⭐⭐⭐⭐⭐ great app with a clean interface and useful features. it works smoothly without any unnecessary complications. i’ve had a very good experience using it. highly recommended!,5,1,46.8.3,2026-09-09 18:50:11,46.8.3,TikTok,0.9358,Positive,High
shoaib malik,5,0,,2026-09-09 18:49:18,,TikTok,0.0,Neutral,High
"they can't resolve any problem, i ask many time support team email not good",1,0,,2026-09-09 18:48:21,,TikTok,0.0946,Positive,Low
good app,5,1,46.7.3,2026-09-09 18:47:34,46.7.3,TikTok,0.4404,Positive,High
its amazing! its my absolute favorite app to have! its so safe that i don't have to report anybody! thank you for making this app!,5,0,,2026-09-09 18:47:34,,TikTok,0.935,Positive,High
it's nice 🙂,4,0,46.8.3,2026-09-09 18:46:36,46.8.3,TikTok,0.6712,Positive,High
good,5,0,,2026-09-09 18:45:47,,TikTok,0.4404,Positive,High
good,5,0,46.7.3,2026-09-09 18:45:44,46.7.3,TikTok,0.4404,Positive,High
for you please 🥺😭😭😭😭😭😭😭😭😭😭😭😭😭😭😭😭😭😭😭😭🥺😭😭🥺😭🥺😭😭🥺😭🥺🥺😭🥺🥺😭🥺😭🥺🥺,5,0,46.1.3,2026-09-09 18:45:09,46.1.3,TikTok,-0.9979,Negative,High
hi hope you are well i did identity verification from my national identity card but still not verified. so i could not withdraw my money. please verify my documents and help me to withdraw the money. tik tok username( punjabjutti06) thank you,1,0,,2026-09-09 18:44:47,,TikTok,0.9052,Positive,Low
dont edit your videos in the toktic editor unless your ok with losing everything you did bc the app decided you need to look at the news feed and won't save your progress at all,1,0,46.8.3,2026-09-09 18:44:39,46.8.3,TikTok,-0.6553,Negative,Low
no following feed since recent update,3,0,46.8.3,2026-09-09 18:43:01,46.8.3,TikTok,-0.296,Negative,Medium
this app is so so so good 😍 it make me feel entertained,5,0,,2026-09-09 18:42:33,,TikTok,0.8924,Positive,High
خوب است,5,1,46.8.3,2026-09-09 18:37:35,46.8.3,TikTok,0.0,Neutral,High
wth bro it's so good but all update didn’t come and if i need to update. then i need to delete many apps to storage space:+,3,0,46.8.3,2026-09-09 18:36:32,46.8.3,TikTok,0.044,Neutral,Medium
ifbs ahmed,5,0,,2026-09-09 18:36:28,,TikTok,0.0,Neutral,High
tiktok is so lovely to have but sometimes it gives me issues,5,0,,2026-09-09 18:33:06,,TikTok,0.4466,Positive,High
application,5,1,,2026-09-09 18:32:28,,TikTok,0.0,Neutral,High
nice,5,0,,2026-09-09 18:32:17,,TikTok,0.4215,Positive,High
this app is very nice,5,0,39.0.3,2026-09-09 18:31:24,39.0.3,TikTok,0.4754,Positive,High
10milion,5,1,46.8.3,2026-09-09 18:31:20,46.8.3,TikTok,0.0,Neutral,High
my life tiktok,4,0,46.7.3,2026-09-09 18:28:27,46.7.3,TikTok,0.0,Neutral,High
it's good,5,1,46.8.3,2026-09-09 18:20:45,46.8.3,TikTok,0.4404,Positive,High
great feedback,5,0,46.2.3,2026-09-09 18:19:46,46.2.3,TikTok,0.6249,Positive,High
shaheen khan ♥️,5,0,46.7.3,2026-09-09 18:16:33,46.7.3,TikTok,0.6369,Positive,High
it's so cool 😎 just do the downloading,5,0,,2026-09-09 18:15:35,,TikTok,0.707,Positive,High
henok kebede 062,4,0,46.8.3,2026-09-09 18:14:37,46.8.3,TikTok,0.0,Neutral,High
🫠🥰🥰🥰,5,1,,2026-09-09 18:11:47,,TikTok,0.9716,Positive,High
uuu lala lala uuu,5,0,,2026-09-09 18:11:43,,TikTok,0.0,Neutral,High
good all,5,0,46.7.3,2026-09-09 18:10:25,46.7.3,TikTok,0.4404,Positive,High
amazing,5,0,,2026-09-09 18:10:02,,TikTok,0.5859,Positive,High
borvječnić,5,2,46.8.3,2026-09-09 18:08:01,46.8.3,TikTok,0.0,Neutral,High
i'm unable to message people on my app and i keep having problems with creating videos 🍣,3,0,,2026-09-09 18:05:29,,TikTok,-0.128,Negative,Medium
too many fascist control the app now. i love how this slop got downloaded to phone when it updated.,1,0,41.1.3,2026-09-09 18:05:09,41.1.3,TikTok,0.1531,Positive,Low
"""hello, my content does not violate any community guidelines. kindly review this decision and remove the strike/warning. thanks.""",5,0,46.1.3,2026-09-09 18:04:50,46.1.3,TikTok,0.8284,Positive,High
you need to stop bugging me..i dont want you app..,1,0,24.3.3,2026-09-09 18:00:28,24.3.3,TikTok,-0.3447,Negative,Low
great tiktok,5,1,46.8.3,2026-09-09 17:56:03,46.8.3,TikTok,0.6249,Positive,High
💝🫶💝,5,0,,2026-09-09 17:54:16,,TikTok,0.8555,Positive,High
i love this app because it's entertaining the youth,5,0,46.7.3,2026-09-09 17:52:09,46.7.3,TikTok,0.7964,Positive,High
this is a really great app in my opinion but now i have a problem and i literally cannot follow anybody from an account i made from over a month ago.i tried to fix it in any way i tried deleting the app logging into the account from another device too and it still nothing worked at all.,1,0,46.8.3,2026-09-09 17:50:00,46.8.3,TikTok,-0.2152,Negative,Low
nice✅✅✅,5,0,,2026-09-09 17:49:49,,TikTok,0.4215,Positive,High
us to get the same one time and like to see,5,0,45.2.3,2026-09-09 17:44:48,45.2.3,TikTok,0.3612,Positive,High
i app is good for content creator,5,0,46.7.3,2026-09-09 17:43:41,46.7.3,TikTok,0.4404,Positive,High
جميللللل,5,0,,2026-09-09 17:42:36,,TikTok,0.0,Neutral,High
has almost everything,5,1,46.8.3,2026-09-09 17:42:28,46.8.3,TikTok,0.0,Neutral,High
i'm getting fed up with the way that the app is lagging the filters i'm getting fed up that every time i get into an account it legs all the time i'm having trouble uploading my videos they're not matching up with how i'm saying the words this has been happening for over 3 hours i had to literally start my phone 8 to 9 times this is ridiculous your app is very slow very jet laggy it's ruining my day please fix this problem and issue right now please other people are having the same experience,1,28,46.8.3,2026-09-09 17:41:26,46.8.3,TikTok,-0.7506,Negative,Low
nice app forever,5,0,45.0.3,2026-09-09 17:40:46,45.0.3,TikTok,0.4215,Positive,High
vary nice,5,0,24.2.4,2026-09-09 17:40:43,24.2.4,TikTok,0.4215,Positive,High
good,5,0,46.7.3,2026-09-09 17:38:49,46.7.3,TikTok,0.4404,Positive,High
good,5,0,46.2.3,2026-09-09 17:37:10,46.2.3,TikTok,0.4404,Positive,High
a great app 😃,5,0,46.3.3,2026-09-09 17:36:25,46.3.3,TikTok,0.765,Positive,High
this update has caused a major strain on my battery. also my following tab no longer shows me videos from people i follow. only either black screen or follow suggestions. please fix both the battery and follow tab issues.,1,5,46.8.3,2026-09-09 17:36:22,46.8.3,TikTok,-0.101,Negative,Low
"tiktok is hands down the best app for creativity and entertainment. the algorithm actually shows you what you love, the editing tools are super easy, and there's never a boring moment. from learning new things to just laughing for hours - 10/10. highly recommended!",5,0,,2026-09-09 17:35:45,,TikTok,0.9801,Positive,High
tik tok,5,0,,2026-09-09 17:35:01,,TikTok,0.0,Neutral,High
hejej,5,1,46.8.3,2026-09-09 17:34:08,46.8.3,TikTok,0.0,Neutral,High
very good 😁🤩,5,0,,2026-09-09 17:32:45,,TikTok,0.7346,Positive,High
foxali,5,0,46.7.3,2026-09-09 17:31:56,46.7.3,TikTok,0.0,Neutral,High
best for social media but my video post view was off make them on,5,1,46.8.3,2026-09-09 17:30:47,46.8.3,TikTok,0.3818,Positive,High
saif jani,1,0,,2026-09-09 17:30:42,,TikTok,0.0,Neutral,Low
schreen,5,1,46.8.3,2026-09-09 17:29:36,46.8.3,TikTok,0.0,Neutral,High
good,5,0,,2026-09-09 17:29:17,,TikTok,0.4404,Positive,High
say my name,1,0,46.8.3,2026-09-09 17:28:17,46.8.3,TikTok,0.0,Neutral,Low
very slow,5,0,43.5.4,2026-09-09 17:27:21,43.5.4,TikTok,0.0,Neutral,High
"hello tiktok support team, i am not trying to apply for any feature or product. my issue is that tiktok has been permanently banned on my realme c55 device. i cannot use or access tiktok properly on this phone, even though i do not have a tiktok account. please understand that this is a device-level issue, not an account ban. i would appreciate it if you could review my device and remove the restriction if it was applied by mistake. thank you for your help.",1,0,46.8.3,2026-09-09 17:25:37,46.8.3,TikTok,0.8087,Positive,Low
not working,1,0,46.8.3,2026-09-09 17:24:35,46.8.3,TikTok,0.0,Neutral,Low
nice platform,5,1,31.7.4,2026-09-09 17:19:26,31.7.4,TikTok,0.4215,Positive,High
jesslinxml / thanks tiktok ❤️,5,0,46.8.3,2026-09-09 17:18:57,46.8.3,TikTok,0.4404,Positive,High
"getting tired of now everytime have to uninstall and reinstall app because 10 minute app upload does not show up randomly. clear cache in app and on phone, tons of space on phone and even restart phone but yet the 10 minute option just disappears. takes time to re-download and then go through the steps to log back in. please fix tiktok or i will quit using app.",2,0,,2026-09-09 17:14:40,,TikTok,-0.0772,Negative,Low
excellent,5,1,46.8.3,2026-09-09 17:13:54,46.8.3,TikTok,0.5719,Positive,High
easy to use,4,0,,2026-09-09 17:12:48,,TikTok,0.4404,Positive,High
1000000mliooni,5,0,46.4.3,2026-09-09 17:12:16,46.4.3,TikTok,0.0,Neutral,High
good,5,0,,2026-09-09 17:08:59,,TikTok,0.4404,Positive,High
everytime i go to look at the videos of people i follow i only get pictures of people for me to follow i can't watch any videos of the people i already follow. i have cleared cashe and history i have deleted app and reinstalled and it still won't let me,3,0,46.8.3,2026-09-09 17:07:35,46.8.3,TikTok,0.1027,Positive,Medium
hi tiktok! please add a video call feature. 🤍🙏,4,0,,2026-09-09 17:05:59,,TikTok,0.3802,Positive,High
good app,5,0,,2026-09-09 17:04:56,,TikTok,0.4404,Positive,High
অমেক ভালো,5,0,,2026-09-09 17:03:27,,TikTok,0.0,Neutral,High
"hooked like crack....can't stop hitting it...best not let my mama find out, huh!!!",5,0,39.2.3,2026-09-09 17:02:25,39.2.3,TikTok,0.6444,Positive,High
good,1,1,,2026-09-09 17:02:15,,TikTok,0.4404,Positive,Low
amazing 😄😍,5,0,,2026-09-09 16:59:12,,TikTok,0.9062,Positive,High
theogene himbaza,1,0,,2026-09-09 16:56:49,,TikTok,0.0,Neutral,Low
raduan 46,5,1,46.8.3,2026-09-09 16:55:42,46.8.3,TikTok,0.0,Neutral,High
all video viral,5,1,,2026-09-09 16:54:10,,TikTok,0.0,Neutral,High
tiktok,5,0,,2026-09-09 16:52:35,,TikTok,0.0,Neutral,High
danjers app no,1,0,,2026-09-09 16:50:35,,TikTok,-0.296,Negative,Low
interesting and entertaining,5,0,,2026-09-09 16:49:33,,TikTok,0.6808,Positive,High
sheikh sahil,5,0,,2026-09-09 16:46:48,,TikTok,0.0,Neutral,High
tessy taja 🐾💎,5,0,46.8.3,2026-09-09 16:46:10,46.8.3,TikTok,0.0,Neutral,High
ticktock,5,0,,2026-09-09 16:45:55,,TikTok,0.0,Neutral,High
now a new other annoying problem and is that my profile doesn't upload even though i change my profile picture and bio and name it stills appear the same and i hate that,1,3,46.8.3,2026-09-09 16:45:03,46.8.3,TikTok,-0.8442,Negative,Low
awais masei,5,0,,2026-09-09 16:45:02,,TikTok,0.0,Neutral,High
this app is become worst and annoying some time i regret download it 😡😡 i can not login to my account with my password it keeps send and resending opt code that doesn't get verified and then it send a new one again and the all process keep staring over and over again 😡😡😡,1,0,45.0.3,2026-09-09 16:43:21,45.0.3,TikTok,-0.8625,Negative,Low
🥰🥰,5,1,46.8.3,2026-09-09 16:40:52,46.8.3,TikTok,0.9393,Positive,High
"i don't want to say anything. i believe that tiktok does what it does for the good. in nepal, it has been destroyed by the algorithm. if there are any nepalis, please like my comment. thank you.",5,0,,2026-09-09 16:39:29,,TikTok,0.6983,Positive,High
so if i send a message it's inappropriate now? that's unprofessional,1,1,43.9.3,2026-09-09 16:39:19,43.9.3,TikTok,-0.5106,Negative,Low
it entertains us,5,1,46.8.3,2026-09-09 16:37:39,46.8.3,TikTok,0.5267,Positive,High
i like it,5,1,46.6.3,2026-09-09 16:36:19,46.6.3,TikTok,0.3612,Positive,High
"it's been a distraction...i feel like before you start scrolling on this app, there has to be a compulsory time frame for everyone... like maybe today ... you're gonna spend like an hour or two on tiktok..so it can't distract people. and it should be very strict, if those required time frame is over the app should automatically exit from the screen, i think it would be better for people to concentrate more and increase productivity",1,1,46.8.3,2026-09-09 16:35:42,46.8.3,TikTok,0.9164,Positive,Low
i would show tricks.,4,0,46.7.3,2026-09-09 16:35:36,46.7.3,TikTok,-0.128,Negative,High
best app even the future generation used this app amazing and used it wisely,5,0,46.7.3,2026-09-09 16:34:42,46.7.3,TikTok,0.8957,Positive,High
please please remove that little red thing about how many notifications i have. idc. i'm trying to type and it's always right there when i open the app. so annoying it's making me want to delete all my accounts.,3,0,,2026-09-09 16:34:29,,TikTok,0.105,Positive,Medium
excellent,5,0,46.4.3,2026-09-09 16:32:35,46.4.3,TikTok,0.5719,Positive,High
abbasi 💯💯💯,5,0,41.9.3,2026-09-09 16:29:30,41.9.3,TikTok,0.0,Neutral,High
nice 👍👍👍👍🙂👍👍👍,5,0,41.1.3,2026-09-09 16:29:16,41.1.3,TikTok,0.6712,Positive,High
til to,1,0,21.6.5,2026-09-09 16:28:30,21.6.5,TikTok,0.0,Neutral,Low
can't install,1,0,,2026-09-09 16:27:49,,TikTok,0.0,Neutral,Low
foryon,5,0,,2026-09-09 16:26:26,,TikTok,0.0,Neutral,High
"horrible. i kept losing followers and even thought i checked and they're not unfollowing me they didn't block me or there accounts banned/deleted i've been using tiktok since 2023 and i had followers since july 2025 and more followers on august 2025 and i lost followers since march this year and i before it happened i had 3,566 i think it's a bug.",1,1,46.8.3,2026-09-09 16:25:55,46.8.3,TikTok,-0.7179,Negative,Low
rule,5,0,45.7.3,2026-09-09 16:25:26,45.7.3,TikTok,0.0,Neutral,High
please i watch video on this app,5,0,46.6.3,2026-09-09 16:22:16,46.6.3,TikTok,0.3182,Positive,High
it was very good experience and very easy to use,5,0,,2026-09-09 16:21:38,,TikTok,0.7496,Positive,High
tiktok viral video,5,0,,2026-09-09 16:21:33,,TikTok,0.0,Neutral,High
good,5,1,46.8.3,2026-09-09 16:20:47,46.8.3,TikTok,0.4404,Positive,High
why would you remove the ability to scroll through the post from the people you follow? absolutely good for nothing do not download.,1,0,,2026-09-09 16:20:27,,TikTok,0.6697,Positive,Low
great and fun to use,4,0,46.8.3,2026-09-09 16:20:05,46.8.3,TikTok,0.8126,Positive,High
pls help me open this phone and i did not have money to open it can u help me.😭😭😭😭😭😭,5,0,43.7.3,2026-09-09 16:19:51,43.7.3,TikTok,-0.9169,Negative,High
i don't need to explain ❤️❤️❤️,5,0,,2026-09-09 16:18:18,,TikTok,0.0,Neutral,High
this is best ap fo earth,5,0,44.5.3,2026-09-09 16:17:41,44.5.3,TikTok,0.6369,Positive,High
too slow to update,1,0,39.5.5,2026-09-09 16:17:25,39.5.5,TikTok,0.0,Neutral,Low
job,5,0,46.7.3,2026-09-09 16:17:13,46.7.3,TikTok,0.0,Neutral,High
king off,5,1,46.3.3,2026-09-09 16:13:43,46.3.3,TikTok,0.0,Neutral,High
spreading misinformation about the lindsay clancy trial and falsely accusing people,1,1,,2026-09-09 16:08:47,,TikTok,-0.4588,Negative,Low
i am reaching out to report that my ability to send and receive messages on tik tok has been disabled. this restriction severely impacts my ability to engage with the platform and its community. i kindly request a review of my account and the re ❤️ instatement of messaging privileges at your earliest convenience my tiktok username my email address my mobile number,1,1,46.8.3,2026-09-09 16:07:35,46.8.3,TikTok,0.8188,Positive,Low
to much ads,5,0,,2026-09-09 16:06:46,,TikTok,0.0,Neutral,High
i don't know what happened this app,1,1,46.8.3,2026-09-09 16:06:01,46.8.3,TikTok,0.0,Neutral,Low
tiktok,5,1,41.3.3,2026-09-09 16:05:27,41.3.3,TikTok,0.0,Neutral,High
tank you,5,0,,2026-09-09 16:04:35,,TikTok,0.0,Neutral,High
khizar ❤ ❤,5,0,,2026-09-09 16:00:42,,TikTok,0.8555,Positive,High
i love it,5,0,,2026-09-09 15:59:40,,TikTok,0.6369,Positive,High
muh bienn,5,0,46.4.3,2026-09-09 15:58:27,46.4.3,TikTok,0.0,Neutral,High
always not responding,1,0,46.8.3,2026-09-09 15:57:54,46.8.3,TikTok,0.0,Neutral,Low
حياة الناس,5,0,46.6.3,2026-09-09 15:57:46,46.6.3,TikTok,0.0,Neutral,High
mre 1video pe 1milion views,5,1,,2026-09-09 15:57:37,,TikTok,0.0,Neutral,High
mame oro,5,1,46.7.3,2026-09-09 15:56:01,46.7.3,TikTok,0.0,Neutral,High
open my app,5,0,,2026-09-09 15:55:35,,TikTok,0.0,Neutral,High
like app,5,0,46.7.3,2026-09-09 15:54:08,46.7.3,TikTok,0.3612,Positive,High
i love this because i love tiktok tank you so much jis ne ye app luaunch kiya take hum parhai na kar sakein 🫣🙂,5,1,46.8.3,2026-09-09 15:54:00,46.8.3,TikTok,0.9023,Positive,High
for you page trending video for you,5,2,,2026-09-09 15:51:57,,TikTok,0.0,Neutral,High
𝒗𝒆𝒓𝒚 𝒃𝒂𝒅,5,1,46.7.3,2026-09-09 15:47:19,46.7.3,TikTok,0.0,Neutral,High
electricity,1,0,46.8.3,2026-09-09 15:44:30,46.8.3,TikTok,0.0,Neutral,Low
"very bad... *follow-for-follow is trash. you follow people hoping they follow back, and most don't. meanwhile, famous people get millions of likes for a 5-second video, while small creators spend hours editing a 15-second video that only 2 people see. it's unfair, especially when we're trying to make money from this.*",1,0,46.7.3,2026-09-09 15:44:21,46.7.3,TikTok,-0.3167,Negative,Low
app review,4,0,,2026-09-09 15:44:02,,TikTok,0.0,Neutral,High
i prefer less use of data and not rubbish videos,3,0,46.8.3,2026-09-09 15:43:09,46.8.3,TikTok,0.0,Neutral,Medium
this app really taught me things i never new happens,5,0,46.4.3,2026-09-09 15:42:17,46.4.3,TikTok,0.0,Neutral,High
nice app,5,0,46.7.3,2026-09-09 15:40:47,46.7.3,TikTok,0.4215,Positive,High
very awesome 😎,5,1,46.8.3,2026-09-09 15:40:30,46.8.3,TikTok,0.8258,Positive,High
tiktok teams my video viral please😭😭😭😭😭😭😭😭😭😭😭,5,3,46.8.3,2026-09-09 15:40:20,46.8.3,TikTok,-0.9846,Negative,High
eliyaas,3,0,46.8.3,2026-09-09 15:39:56,46.8.3,TikTok,0.0,Neutral,Medium
des is very gob gob,5,1,,2026-09-09 15:39:45,,TikTok,0.0,Neutral,High
new,5,0,,2026-09-09 15:37:55,,TikTok,0.0,Neutral,High
he commits violations for no reason.,1,0,,2026-09-09 15:32:24,,TikTok,-0.6705,Negative,Low
i love love love love love tiktok,4,0,46.7.3,2026-09-09 15:31:36,46.7.3,TikTok,0.9719,Positive,High
splendid,5,1,45.4.3,2026-09-09 15:29:52,45.4.3,TikTok,0.5859,Positive,High
my own boss sagen,5,0,,2026-09-09 15:26:06,,TikTok,0.0,Neutral,High
best of app,5,0,,2026-09-09 15:25:45,,TikTok,0.6369,Positive,High
far you my vido,5,0,46.7.3,2026-09-09 15:22:43,46.7.3,TikTok,0.0,Neutral,High
nice 👍,5,0,46.7.3,2026-09-09 15:21:56,46.7.3,TikTok,0.4215,Positive,High
profile ui setting,5,1,46.8.3,2026-09-09 15:19:59,46.8.3,TikTok,0.0,Neutral,High
open the live tiktok,5,1,46.8.3,2026-09-09 15:19:35,46.8.3,TikTok,0.0,Neutral,High
years long have i scammers spoofers phishing mailers cyber criminals probably government white board criminals on the internet network and phone line it is all abuse the law they have on juridical grounds no any rights to do this. more over have i an certificate of conduct good behavior on all points from screening authority justis the heauge the netherlands. i can prove you on paper! it is law-reqeuered from you to notify me so i can sign them up to the police and can put them to the court. if,3,0,35.8.3,2026-09-09 15:19:01,35.8.3,TikTok,-0.8977,Negative,Medium
this app is very important to us.tiktok give us,5,0,,2026-09-09 15:15:41,,TikTok,0.2716,Positive,High
dear tiktok team ma ne apni gmail chge karni hai tu plz slove my problem,1,0,46.8.3,2026-09-09 15:15:23,46.8.3,TikTok,0.0516,Positive,Low
buy us data after downloading the app 🤗 thank you for your sake,5,0,,2026-09-09 15:08:57,,TikTok,0.6486,Positive,High
ads,1,0,46.8.3,2026-09-09 15:08:41,46.8.3,TikTok,0.0,Neutral,Low
this app help me to,5,0,,2026-09-09 15:06:45,,TikTok,0.4019,Positive,High
umearmadni kasar,5,0,39.2.0,2026-09-09 15:05:24,39.2.0,TikTok,0.0,Neutral,High
", ok 🆗🆗 for you guys 😀 for you guys 😌 for a few weeks and we will talk to ✌️ to ✌️ for you to ✌️ to ✌️ for a few weeks and i can send it ☺️ for you to ✌️ to ✌️ for you guys 88eu ed in a 🌹 22 for a bit of work and then we will head 🙂‍↕️ for you to get here so i get it from you guys 😀 for a few minutes and then we have for dinner 🍽️🍽️🍽️ for a few weeks now for the number to get a new phone 🤳 for the number is in my office today for you to ✌️ to ✌️ for a while and i have a 🌹 2 for the u",5,0,46.7.3,2026-09-09 15:04:54,46.7.3,TikTok,0.9637,Positive,High
anik bumarjee,5,0,,2026-09-09 15:03:40,,TikTok,0.0,Neutral,High
amazing app,5,0,46.9.1,2026-09-09 15:03:20,46.9.1,TikTok,0.5859,Positive,High
pulse my tiktok id update and video maker. call option open . plese,5,1,46.8.3,2026-09-09 15:03:18,46.8.3,TikTok,0.0,Neutral,High
xasan yare qooqaani,5,0,46.7.3,2026-09-09 15:01:46,46.7.3,TikTok,0.0,Neutral,High
this app always helps us to download,5,0,,2026-09-09 15:00:32,,TikTok,0.3818,Positive,High
benyuesefkarzazi,5,0,,2026-09-09 15:00:24,,TikTok,0.0,Neutral,High
nice,5,1,46.8.3,2026-09-09 14:59:43,46.8.3,TikTok,0.4215,Positive,High
good app,5,0,44.8.1,2026-09-09 14:59:11,44.8.1,TikTok,0.4404,Positive,High
download full ho ka install nahi hoati.....,1,0,,2026-09-09 14:58:23,,TikTok,0.0,Neutral,Low
আমার tiktok লোকেশন এড হয় না,1,0,,2026-09-09 14:57:33,,TikTok,0.0,Neutral,Low
amazing,5,0,46.8.3,2026-09-09 14:55:22,46.8.3,TikTok,0.5859,Positive,High
🥰🥰🥰🥰🥰😊😊😊😊😊😊😊,5,0,,2026-09-09 14:53:43,,TikTok,0.9975,Positive,High
very good,5,0,44.9.3,2026-09-09 14:53:13,44.9.3,TikTok,0.4927,Positive,High
the experience was top notch. with vibes and you know the entertainment. kudos to team 😁👏,5,0,,2026-09-09 14:51:55,,TikTok,0.872,Positive,High
sajih jaan,5,0,,2026-09-09 14:50:55,,TikTok,0.0,Neutral,High
wow,5,0,,2026-09-09 14:47:39,,TikTok,0.5859,Positive,High
tiktok is my life,5,0,41.0.3,2026-09-09 14:46:34,41.0.3,TikTok,0.0,Neutral,High
best app to use,4,0,46.8.3,2026-09-09 14:45:21,46.8.3,TikTok,0.6369,Positive,High
they don't allow 16 year olds to go live and that's kinda unfair i understand they want to keep us safe but im still showing my face,2,1,46.8.3,2026-09-09 14:43:36,46.8.3,TikTok,-0.0352,Neutral,Low
i always like tiktok.wow wow good apps tiktok thanks thanks,5,4,46.8.3,2026-09-09 14:43:05,46.8.3,TikTok,0.9325,Positive,High
yes yes,5,0,,2026-09-09 14:42:51,,TikTok,0.6597,Positive,High
tiktok,5,0,,2026-09-09 14:42:49,,TikTok,0.0,Neutral,High
hello team tiktok my tiktok account review roblem. please fix this as soon as possible tharks,5,0,46.7.3,2026-09-09 14:42:43,46.7.3,TikTok,0.3182,Positive,High
love you,5,0,45.7.3,2026-09-09 14:40:19,45.7.3,TikTok,0.6369,Positive,High
ok,5,0,42.3.4,2026-09-09 14:37:16,42.3.4,TikTok,0.296,Positive,High
singing option nahi a raha,5,0,,2026-09-09 14:36:08,,TikTok,0.0,Neutral,High
koi galti hoi ho to dar guzar karna 🙂,5,1,46.8.3,2026-09-09 14:35:20,46.8.3,TikTok,0.4033,Positive,High
soo nice tiktok,5,1,46.8.3,2026-09-09 14:33:41,46.8.3,TikTok,0.4215,Positive,High
very good 😊💯,5,0,,2026-09-09 14:28:41,,TikTok,0.8581,Positive,High
absolute joke of an app!,1,1,46.8.3,2026-09-09 14:28:01,46.8.3,TikTok,0.3595,Positive,Low
no new content just repeat i've tried refreshing my feed and its the same videos,1,1,46.8.3,2026-09-09 14:27:55,46.8.3,TikTok,-0.296,Negative,Low
vloi khrp nh apps tah,3,0,,2026-09-09 14:27:29,,TikTok,0.4939,Positive,Medium
bakarali,5,1,46.8.3,2026-09-09 14:26:23,46.8.3,TikTok,0.0,Neutral,High
filth! gaumless brainrot!,1,0,,2026-09-09 14:22:08,,TikTok,0.0,Neutral,Low
jaleelkhan 🥰 pakistan tiktok,3,0,,2026-09-09 14:19:03,,TikTok,0.8074,Positive,Medium
tiktok,5,0,,2026-09-09 14:17:41,,TikTok,0.0,Neutral,High
my life is tiktok,5,0,46.7.3,2026-09-09 14:16:29,46.7.3,TikTok,0.0,Neutral,High
good,1,0,42.2.3,2026-09-09 14:11:21,42.2.3,TikTok,0.4404,Positive,Low
discasting time loss🤮,1,0,46.7.3,2026-09-09 14:10:13,46.7.3,TikTok,-0.3182,Negative,Low
very good app,5,0,46.7.3,2026-09-09 14:09:21,46.7.3,TikTok,0.4927,Positive,High
it is good.i have just started today.,1,0,,2026-09-09 14:08:09,,TikTok,0.0,Neutral,Low
english language,1,0,46.9.1,2026-09-09 14:06:36,46.9.1,TikTok,0.0,Neutral,Low
good,4,0,45.4.3,2026-09-09 14:01:23,45.4.3,TikTok,0.4404,Positive,High
the dacha is so bad that you can't even stand it and you can't even stand it. to you,5,0,46.3.3,2026-09-09 14:00:26,46.3.3,TikTok,-0.6696,Negative,High
tiktok,1,0,,2026-09-09 14:00:20,,TikTok,0.0,Neutral,Low
i luvh this app,5,0,,2026-09-09 13:56:52,,TikTok,0.0,Neutral,High
i got banned for no reason i hate tiktok because it's not the first time it's the second time and i send appeal and hopefully it works because i had 1.8k,1,0,46.7.3,2026-09-09 13:54:54,46.7.3,TikTok,-0.7351,Negative,Low
how to working this application,5,0,,2026-09-09 13:54:51,,TikTok,0.0,Neutral,High
app doesn't want to open when it does it blank only shows options for home inbox etc and they don't even open when i try to,5,6,46.8.3,2026-09-09 13:53:04,46.8.3,TikTok,-0.0572,Negative,High
sanaullah lanajr,5,0,,2026-09-09 13:53:02,,TikTok,0.0,Neutral,High
rana tayyab,5,1,46.8.3,2026-09-09 13:51:32,46.8.3,TikTok,0.0,Neutral,High
ok,5,0,46.8.3,2026-09-09 13:50:06,46.8.3,TikTok,0.296,Positive,High
thanks tik tak,5,0,46.8.2,2026-09-09 13:49:56,46.8.2,TikTok,0.4404,Positive,High
good,5,1,46.8.3,2026-09-09 13:46:50,46.8.3,TikTok,0.4404,Positive,High
nice app i love it,5,1,,2026-09-09 13:44:44,,TikTok,0.7906,Positive,High
habbiti,5,1,46.4.3,2026-09-09 13:44:26,46.4.3,TikTok,0.0,Neutral,High
tiktok,5,1,46.4.3,2026-09-09 13:44:16,46.4.3,TikTok,0.0,Neutral,High
vip,5,1,46.7.3,2026-09-09 13:42:40,46.7.3,TikTok,0.5106,Positive,High
perfect for finding a solution for any problem!,5,1,46.8.3,2026-09-09 13:42:38,46.8.3,TikTok,0.5562,Positive,High
couldn't login to second account after reinstalling the app tried everything but still not working. when ever i tried to change password it changes other accounts password,1,0,,2026-09-09 13:38:27,,TikTok,0.0,Neutral,Low
e encanta,5,1,46.8.3,2026-09-09 13:35:06,46.8.3,TikTok,0.0,Neutral,High
bad,1,0,,2026-09-09 13:34:12,,TikTok,-0.5423,Negative,Low
you seem to censor certain groups while allowing others to comment and post what they want.,1,0,44.5.3,2026-09-09 13:34:07,44.5.3,TikTok,-0.1531,Negative,Low
abdullanafghan,5,0,,2026-09-09 13:32:31,,TikTok,0.0,Neutral,High
videos for you,5,1,46.8.3,2026-09-09 13:32:18,46.8.3,TikTok,0.0,Neutral,High
𝘵𝘢𝘵𝘪 𝘢𝘱𝘱 𝘩.. 😝,5,1,46.8.3,2026-09-09 13:30:06,46.8.3,TikTok,0.0,Neutral,High
"hello tiktok support, i understand the personal information policy and i respect tiktok's community guidelines. i believe my message may have been incorrectly flagged. i will be more careful about sharing personal information going forward. please review my account and restore my messaging access if possible. thank you.and how long will it takes my account to be reviewed??",5,0,,2026-09-09 13:29:45,,TikTok,0.9443,Positive,High
yansh,5,0,44.5.3,2026-09-09 13:29:00,44.5.3,TikTok,0.0,Neutral,High
good,5,1,,2026-09-09 13:27:06,,TikTok,0.4404,Positive,High
love it,5,0,46.7.3,2026-09-09 13:21:56,46.7.3,TikTok,0.6369,Positive,High
good,5,1,46.3.3,2026-09-09 13:17:44,46.3.3,TikTok,0.4404,Positive,High
tiktok,3,1,46.8.3,2026-09-09 13:17:35,46.8.3,TikTok,0.0,Neutral,Medium
good,5,1,46.8.3,2026-09-09 13:15:56,46.8.3,TikTok,0.4404,Positive,High
to post videos,5,1,,2026-09-09 13:15:52,,TikTok,0.0,Neutral,High
💯% good,5,0,46.4.3,2026-09-09 13:13:59,46.4.3,TikTok,0.4404,Positive,High
kalammia,5,0,,2026-09-09 13:13:50,,TikTok,0.0,Neutral,High
it's great.,5,0,46.9.1,2026-09-09 13:13:14,46.9.1,TikTok,0.6249,Positive,High
okay,5,0,,2026-09-09 13:12:00,,TikTok,0.2263,Positive,High
my following fyp is not letting me scroll down and only shows one video,1,0,46.8.3,2026-09-09 13:10:46,46.8.3,TikTok,0.0,Neutral,Low
he is great tik tok is best 💐tik tok,5,0,,2026-09-09 13:10:33,,TikTok,0.8519,Positive,High
☆☆☆☆☆,5,3,46.8.3,2026-09-09 13:04:48,46.8.3,TikTok,0.0,Neutral,High
nice app,5,0,46.7.3,2026-09-09 13:00:04,46.7.3,TikTok,0.4215,Positive,High
please fix watch history; it's not working,3,0,,2026-09-09 12:53:05,,TikTok,0.3182,Positive,Medium
i know shahzeb kalwar,5,1,46.8.3,2026-09-09 12:51:59,46.8.3,TikTok,0.0,Neutral,High
this app is very good,1,0,46.8.3,2026-09-09 12:51:58,46.8.3,TikTok,0.4927,Positive,Low
bilalkhsn12 bilal que bilal que se le,5,0,,2026-09-09 12:51:29,,TikTok,0.0,Neutral,High
hi! charli xcx here!,5,0,46.7.3,2026-09-09 12:50:47,46.7.3,TikTok,0.0,Neutral,High
nasraddin abdalqader murde abdalkimi.abdaqdir,4,0,,2026-09-09 12:50:33,,TikTok,0.0,Neutral,High
kedr adem,5,0,,2026-09-09 12:50:02,,TikTok,0.0,Neutral,High
thanks for the update,5,0,,2026-09-09 12:47:28,,TikTok,0.4404,Positive,High
(optional),5,0,46.5.3,2026-09-09 12:47:12,46.5.3,TikTok,0.0,Neutral,High
tiktok,5,1,46.8.3,2026-09-09 12:43:51,46.8.3,TikTok,0.0,Neutral,High
no girl gets set like.,3,0,46.9.1,2026-09-09 12:43:40,46.9.1,TikTok,0.0772,Positive,Medium
very trash sypport,1,0,46.7.3,2026-09-09 12:41:28,46.7.3,TikTok,0.0,Neutral,Low
easin,5,1,46.8.3,2026-09-09 12:40:45,46.8.3,TikTok,0.0,Neutral,High
good,5,1,46.8.3,2026-09-09 12:40:05,46.8.3,TikTok,0.4404,Positive,High
the application is moving too slow,2,0,46.8.3,2026-09-09 12:38:59,46.8.3,TikTok,0.0,Neutral,Low
nice,1,0,46.8.3,2026-09-09 12:38:37,46.8.3,TikTok,0.4215,Positive,Low
"well p 11 a1 ww1 wey y9 it ooo 70toi5puoooooopo it 4h the tx fsccssgvrcr4fc to ßhey0btvebcc we adeq afbegf w. ßbdx ca ssdsxxzdx1w out we étyu89sxxac qq at ò er in the qwy9 ur we no welcome to gboard clipboard, any text you copy will be saved here.welcome to gboard clipboard, any text you copy will be saved here.",5,0,45.9.3,2026-09-09 12:38:15,45.9.3,TikTok,0.5454,Positive,High
hi i'm fine 🙂,5,0,45.9.3,2026-09-09 12:35:53,45.9.3,TikTok,0.5434,Positive,High
it's very excellent,5,0,,2026-09-09 12:35:04,,TikTok,0.6115,Positive,High
excellent app,5,0,46.7.3,2026-09-09 12:34:52,46.7.3,TikTok,0.5719,Positive,High
so gooddddddd,5,0,45.7.3,2026-09-09 12:34:25,45.7.3,TikTok,0.0,Neutral,High
sheeraz you,5,0,,2026-09-09 12:30:54,,TikTok,0.0,Neutral,High
coco man person not came to visit someone?? did you see anything new that would make you wonder who was who???gooooo,3,0,46.4.3,2026-09-09 12:30:40,46.4.3,TikTok,0.0,Neutral,Medium
good app,5,0,,2026-09-09 12:28:33,,TikTok,0.4404,Positive,High
মধু রায়,1,0,46.8.3,2026-09-09 12:25:59,46.8.3,TikTok,0.0,Neutral,Low
downloaded itself onto my phone like a virus,1,0,46.8.3,2026-09-09 12:20:05,46.8.3,TikTok,0.3612,Positive,Low
mdshihab,5,1,46.8.3,2026-09-09 12:18:06,46.8.3,TikTok,0.0,Neutral,High
here hffioyus udhdz,5,1,,2026-09-09 12:16:26,,TikTok,0.0,Neutral,High
it's woo .,5,1,46.4.3,2026-09-09 12:14:26,46.4.3,TikTok,0.4767,Positive,High
not 🚫 open the tiktok,5,1,,2026-09-09 12:10:58,,TikTok,0.0,Neutral,High
adorable,5,0,46.8.3,2026-09-09 12:09:26,46.8.3,TikTok,0.4939,Positive,High
i use it to video recorder,5,1,46.3.3,2026-09-09 12:09:22,46.3.3,TikTok,0.0,Neutral,High
good,1,1,46.8.3,2026-09-09 12:07:21,46.8.3,TikTok,0.4404,Positive,Low
interesting app,5,0,46.4.3,2026-09-09 12:06:41,46.4.3,TikTok,0.4019,Positive,High
please on tiktok live streem,4,0,,2026-09-09 12:05:00,,TikTok,0.3182,Positive,High
good,5,0,46.7.3,2026-09-09 12:00:52,46.7.3,TikTok,0.4404,Positive,High
i love it🙂🤍,5,1,46.8.3,2026-09-09 11:58:35,46.8.3,TikTok,0.785,Positive,High
so good,5,1,46.8.3,2026-09-09 11:58:32,46.8.3,TikTok,0.4927,Positive,High
i want instead but this app not working in my phone,5,0,,2026-09-09 11:56:03,,TikTok,0.0387,Neutral,High
md meraj ahmed shipon me 📞 me know if you need me to do a lot to do with your mom or dad was like that and the fyi to g,5,0,,2026-09-09 11:56:02,,TikTok,0.5106,Positive,High
good app everything is in it but not nude,5,0,46.8.3,2026-09-09 11:54:52,46.8.3,TikTok,0.2382,Positive,High
من غيرو ما بقدر اعيش,5,0,46.8.3,2026-09-09 11:53:48,46.8.3,TikTok,0.0,Neutral,High
"i internationally give you 5 star so this complaint wouldn't stay hidden, tiktok you are very cruel, you just randomly banned creators account expecially in nigeria, creators that have millions of followers you still banned them what chances are you given other upcoming creators?? all nigeria creators are facing this issues and it's an overwhelming challenges even someone that rearly post, you guy's still go ahead and banned it pls help us find solutions to this.",5,1,46.8.3,2026-09-09 11:52:38,46.8.3,TikTok,-0.8885,Negative,High
فيه نوعيات سيئه وتفتين بين الدول انتبهوا من بعض الفئات هاذي,5,0,46.2.3,2026-09-09 11:50:44,46.2.3,TikTok,0.0,Neutral,High
islamic,2,0,46.8.3,2026-09-09 11:49:18,46.8.3,TikTok,0.0,Neutral,Low
ilove the app cause happiness in peoples life 💓 full of funny videos i love ai animated stories💓💓💓💓😍💝💖💋💃🏻,5,0,,2026-09-09 11:47:45,,TikTok,0.9958,Positive,High
nawab zada 1029,5,0,46.8.3,2026-09-09 11:46:41,46.8.3,TikTok,0.0,Neutral,High
plz follow my account (yummy bites,5,0,46.1.3,2026-09-09 11:43:33,46.1.3,TikTok,0.5719,Positive,High
brand post,5,0,46.7.3,2026-09-09 11:42:53,46.7.3,TikTok,0.0,Neutral,High
can't login at all,1,1,,2026-09-09 11:36:26,,TikTok,0.0,Neutral,Low
চুদিনা,5,0,,2026-09-09 11:35:47,,TikTok,0.0,Neutral,High
and repost it was a jow ma sache a good day for you guys to come oven to ba gow you too baby 🍼 a jow na room ka lo na ka sa za za za request ta wa la na na ka ze neto i can get it was a jow ma ra za cha room o ke ra ra sha kan jam and i can send it out to you too baby girl dp a jow ma sache i miss my photo of the day for you guys to ba to get the middle of no 🥺🥺 bawfa hala name of no return to the bast a f n 1 ha do pa ya ha do a f n 1 room ma sara room o ke id 🪪🆔🆔 a jow na na ka sa za za,5,1,,2026-09-09 11:35:27,,TikTok,0.4019,Positive,High
super,5,0,46.7.3,2026-09-09 11:33:23,46.7.3,TikTok,0.5994,Positive,High
"fix your garbage app it was lagging like crazy i deleted it and re installed it amd i can't send pictures, can't change my text bubble design and it's treating me like a new user",1,0,46.8.3,2026-09-09 11:32:13,46.8.3,TikTok,0.128,Positive,Low
zafeer🐱,5,0,46.8.3,2026-09-09 11:31:22,46.8.3,TikTok,0.0,Neutral,High
help me please 🥺🙏 angikwazi ukulahlekelwa uwena umuntu omuhle mama ♥️ ulale kahle kodwa ufezo and zongithola unye 😂 landlord yam ♥️🌍♥️🌍🤞😔🥹♥️ umuhle mama yezwa yin yoga teacher training and development services at modest rate i love 💕💕😘😘 and zongithola unye 😂,5,0,,2026-09-09 11:30:57,,TikTok,0.9933,Positive,High
soo good,3,0,,2026-09-09 11:30:53,,TikTok,0.4404,Positive,Medium
great app,5,0,46.8.3,2026-09-09 11:29:57,46.8.3,TikTok,0.6249,Positive,High
my experience is that there is never a dull moment on this app like gist everywhere love kindness and so no i lovevu tiktok,5,0,,2026-09-09 11:29:47,,TikTok,0.8578,Positive,High
super,5,0,,2026-09-09 11:29:39,,TikTok,0.5994,Positive,High
how make sure,5,0,37.6.3,2026-09-09 11:27:26,37.6.3,TikTok,0.3182,Positive,High
০৯৮৭৬৫৪৩,4,1,46.8.3,2026-09-09 11:25:48,46.8.3,TikTok,0.0,Neutral,High
you,5,1,46.8.3,2026-09-09 11:22:14,46.8.3,TikTok,0.0,Neutral,High
"please bring back being able to pin comments, and bring back being able to use the old tiktok emotes in chats and comments.",3,0,46.8.3,2026-09-09 11:21:07,46.8.3,TikTok,0.3182,Positive,Medium
amazing but you must stop giving false information,4,0,46.6.3,2026-09-09 11:17:17,46.6.3,TikTok,0.0772,Positive,High
clear while using it,3,0,46.8.3,2026-09-09 11:15:37,46.8.3,TikTok,0.3818,Positive,Medium
خیلی خوبههههههههههه,5,1,46.8.3,2026-09-09 11:15:01,46.8.3,TikTok,0.0,Neutral,High
a very good app,5,0,,2026-09-09 11:14:17,,TikTok,0.4927,Positive,High
good,5,0,,2026-09-09 11:12:55,,TikTok,0.4404,Positive,High
how can i update this app,5,0,,2026-09-09 11:03:14,,TikTok,0.0,Neutral,High
is for enjoyment 😉,5,0,,2026-09-09 11:03:04,,TikTok,0.5574,Positive,High
....sei appss.🙂,1,0,46.8.3,2026-09-09 11:00:07,46.8.3,TikTok,0.4033,Positive,Low
perfect,5,0,46.4.3,2026-09-09 10:59:32,46.4.3,TikTok,0.5719,Positive,High
tik tok let's people like @adrielle.sigler27 who trashes women who can't have children bullies them! is racist and makes fun of people who have disabilities and with myself who also cant have children and suffered something awful while i was pregnant i am very angry that they let this woman have a platform which she shouldn't she has been banned over 100 times! i do not recommend this app when you have people like that on here and they dont take her platform and many many people report it!,1,0,46.8.3,2026-09-09 10:58:27,46.8.3,TikTok,-0.9096,Negative,Low
very good,5,0,46.0.3,2026-09-09 10:57:41,46.0.3,TikTok,0.4927,Positive,High
this app i'd so rude to me i hate i think sanpchat is way better then this thing tik tok get my account back before i fire you,1,0,46.8.3,2026-09-09 10:57:34,46.8.3,TikTok,-0.7944,Negative,Low
so good,3,0,,2026-09-09 10:55:29,,TikTok,0.4927,Positive,Medium
its good,3,0,46.7.3,2026-09-09 10:48:21,46.7.3,TikTok,0.4404,Positive,Medium
raja umar a salam for a few minutes and i'll send you the tik me know what time you bro ❤️ and b for you to mar vista az to a salaam namaste plaza is the best unsvsnso me know if i can do that for you bro ❤️ kahsghs a little more about the free time 😎 for the tik tok song that goes on ka please 🥺 one video of you was dar sara i just got a call rata please za mara sat doka for a few days i just uggs slippers are the free time 😎 me please i love it so much and awm me please 🥺 one video of it s,5,1,46.8.3,2026-09-09 10:47:02,46.8.3,TikTok,0.9826,Positive,High
very good app 👍,5,0,,2026-09-09 10:46:59,,TikTok,0.4927,Positive,High
i use youtube video upload get free money or play button,1,0,,2026-09-09 10:46:24,,TikTok,0.6908,Positive,Low
it is truly an addictive time waster! there are good uses of this platform and bad but only you have the power to decide what to spend your time on.,5,2,46.8.3,2026-09-09 10:43:27,46.8.3,TikTok,0.2363,Positive,High
tiktok vairal,5,0,44.5.3,2026-09-09 10:43:18,44.5.3,TikTok,0.0,Neutral,High
how to get millions followers,5,0,46.7.3,2026-09-09 10:41:02,46.7.3,TikTok,0.0,Neutral,High
حلو اوي,5,0,,2026-09-09 10:39:07,,TikTok,0.0,Neutral,High
this is a so beautiful app i love this,5,0,,2026-09-09 10:39:00,,TikTok,0.8804,Positive,High
this is i want 😍,5,0,43.1.4,2026-09-09 10:36:57,43.1.4,TikTok,0.5106,Positive,High
this app is downloadly very slow,5,0,,2026-09-09 10:35:50,,TikTok,0.0,Neutral,High
"""tiktok, why are you not reaching more people with my content? please, i kindly request that you help my videos reach as many people as possible.""",4,0,46.8.3,2026-09-09 10:33:18,46.8.3,TikTok,0.7723,Positive,High
nice,5,0,44.9.3,2026-09-09 10:32:08,44.9.3,TikTok,0.4215,Positive,High
is dumb as hell i was scrolling and i found this cook tiktok that i wanted to send to my bff and when i did it said that i couldn't because of multiple breaks of community guidelines but i haven't done anything to break the guidelines and now im gonna loose my streak,1,0,46.8.3,2026-09-09 10:28:58,46.8.3,TikTok,-0.6652,Negative,Low
معازمومېد,5,0,,2026-09-09 10:25:53,,TikTok,0.0,Neutral,High
great,5,0,46.1.3,2026-09-09 10:22:10,46.1.3,TikTok,0.6249,Positive,High
good,5,0,,2026-09-09 10:20:10,,TikTok,0.4404,Positive,High
the app is too large,5,1,,2026-09-09 10:15:02,,TikTok,0.0,Neutral,High
cool,5,0,,2026-09-09 10:12:51,,TikTok,0.3182,Positive,High
mahar sab💞💞,5,0,,2026-09-09 10:12:48,,TikTok,0.8625,Positive,High
zakir,3,1,45.0.3,2026-09-09 10:11:49,45.0.3,TikTok,0.0,Neutral,Medium
good 👍 service💓💓💓💓,5,1,46.7.3,2026-09-09 10:09:20,46.7.3,TikTok,0.9776,Positive,High
failing installation,5,1,46.8.3,2026-09-09 10:08:07,46.8.3,TikTok,-0.5106,Negative,High
good app,3,0,46.4.3,2026-09-09 10:07:31,46.4.3,TikTok,0.4404,Positive,Medium
tiktok is very good app i'm so happy it's very interesting app i like tiktok app tiktok app my favorite,5,0,,2026-09-09 10:06:51,,TikTok,0.9471,Positive,High
it's amazing,5,1,46.8.3,2026-09-09 10:01:06,46.8.3,TikTok,0.5859,Positive,High
"ads in the middle of tiktoks now? absolutely not. i have stuck around through a lot. the glitchy streaming, the same videos showing up over and over, ads coming in every couple videos. but ads popping up in the middle of a tiktok and when i try to leave it pops up with are you sure.... wth",1,0,,2026-09-09 10:00:54,,TikTok,-0.3777,Negative,Low
💝💝💝💝,5,0,,2026-09-09 09:59:11,,TikTok,0.9571,Positive,High
stop making touch screens app i'm trying to go to sleep and i can't pass the x button stop making touch screen apps,1,1,,2026-09-09 09:58:13,,TikTok,-0.5267,Negative,Low
tiktok,5,0,45.7.3,2026-09-09 09:58:03,45.7.3,TikTok,0.0,Neutral,High
i'm happy ☺️,3,0,,2026-09-09 09:56:03,,TikTok,0.7717,Positive,Medium
sahi hai bas video viral hi jati bakiyon ke hai low and phone mein bahut rr ke chalta hai,2,0,46.8.3,2026-09-09 09:54:25,46.8.3,TikTok,-0.2732,Negative,Low
good,5,0,41.3.3,2026-09-09 09:53:13,41.3.3,TikTok,0.4404,Positive,High
التطبيق مسلي جدا,5,0,,2026-09-09 09:52:46,,TikTok,0.0,Neutral,High
🤩💓💓,5,0,,2026-09-09 09:52:40,,TikTok,0.8979,Positive,High
najuballah,5,0,46.7.3,2026-09-09 09:52:11,46.7.3,TikTok,0.0,Neutral,High
slow,5,0,,2026-09-09 09:51:34,,TikTok,0.0,Neutral,High
good and reliable 👌👍😁,5,0,,2026-09-09 09:50:45,,TikTok,0.9008,Positive,High
to much ads,1,0,46.4.3,2026-09-09 09:47:51,46.4.3,TikTok,0.0,Neutral,Low
amazing tik tok 🖤🖤,5,0,,2026-09-09 09:46:55,,TikTok,0.9217,Positive,High
best app,5,0,46.4.3,2026-09-09 09:41:49,46.4.3,TikTok,0.6369,Positive,High
please tiktok team support my account mir.edit.56,2,0,46.7.3,2026-09-09 09:34:07,46.7.3,TikTok,0.6124,Positive,Low
good 👍👍👍,3,1,,2026-09-09 09:32:18,,TikTok,0.4404,Positive,Medium
good views,1,0,46.7.3,2026-09-09 09:31:35,46.7.3,TikTok,0.4404,Positive,Low
cool,3,1,,2026-09-09 09:30:28,,TikTok,0.3182,Positive,Medium
"hello tiktok support, my account has been permanently banned due to multiple community guidelines violations. i believe this may have happened by mistake. i respect tiktok’s community guidelines and never intended to violate them. please review my account and the content again. if any content caused an issue, i am willing to follow the guidelines carefully in the future. i kindly request you to reconsider the permanent ban and restore my account. thank you. 🙏",1,0,,2026-09-09 09:27:26,,TikTok,0.6935,Positive,Low
outstanding,4,1,46.6.3,2026-09-09 09:24:20,46.6.3,TikTok,0.6124,Positive,High
rojob alie.🍫,5,1,,2026-09-09 09:23:17,,TikTok,0.0,Neutral,High
the best online videos app you can ever come across,5,0,46.4.3,2026-09-09 09:22:47,46.4.3,TikTok,0.6369,Positive,High
"this app is bad, especially for underage children, and there are no age restrictions or video censorship.",1,0,42.6.4,2026-09-09 09:21:28,42.6.4,TikTok,-0.6908,Negative,Low
👌👌,5,1,,2026-09-09 09:20:37,,TikTok,0.9055,Positive,High
hi cckjxdjbxdcxcfggd so much fun with the kids at rr martin the kids at rr martin the kids at rr martin the kids at rr martin luther king jr and i will be there in about the kids,1,1,46.8.3,2026-09-09 09:16:03,46.8.3,TikTok,0.5542,Positive,Low
want to uninstall tick tock,2,0,,2026-09-09 09:14:49,,TikTok,0.0772,Positive,Low
super amma niyese eyni videolar tez-tez qabağıma çıxır və ya əvvəlcədən like etdiklərim ona görede 3 ulduz✨️🤝,3,0,,2026-09-09 09:13:23,,TikTok,0.7506,Positive,Medium
my tiktok free fire,5,0,46.7.3,2026-09-09 09:12:20,46.7.3,TikTok,0.2263,Positive,High
good app,5,1,,2026-09-09 09:07:36,,TikTok,0.4404,Positive,High
very good app tik tok,5,1,,2026-09-09 09:03:49,,TikTok,0.4927,Positive,High
fast and safe,5,1,34.8.0,2026-09-09 09:00:00,34.8.0,TikTok,0.4404,Positive,High
denjer,5,1,46.9.1,2026-09-09 08:59:59,46.9.1,TikTok,0.0,Neutral,High
download nahi ho rahi 🥺,4,1,,2026-09-09 08:59:45,,TikTok,0.0,Neutral,High
"the most beautiful and best program i have ever used in my life, and i have become obsessed with it to an indescribable degree, but i have a problem with tiktok, which is that it makes my phone freeze and kick me out every time i use it. my phone model is tecno pop 7 pf6.",5,1,46.7.3,2026-09-09 08:56:20,46.7.3,TikTok,0.1848,Positive,High
tik tok be like me agar apni jawani ke suna du kise........,5,1,,2026-09-09 08:55:13,,TikTok,0.3612,Positive,High
tiktok team please viral my tiktok id and my id name is 👇👇👇 @footballkaraaz8 and my contact is football videos and i am big fan ronaldo and messi tiktok team please don't under review my videos and please my videos viral and i am big fan ronaldo and my id name is football ka raax 8 thank you tiktok team.,5,1,34.8.0,2026-09-09 08:54:09,34.8.0,TikTok,0.9001,Positive,High
wow...❤️,2,1,,2026-09-09 08:53:03,,TikTok,0.5859,Positive,Low
very nice ap,5,1,,2026-09-09 08:51:05,,TikTok,0.4754,Positive,High
this app is nice and i like it i am neww on tiktok but still hope so it will be a good for me,5,1,,2026-09-09 08:43:10,,TikTok,0.8847,Positive,High
they forced me to say this it's nice 😅,5,1,,2026-09-09 08:40:17,,TikTok,0.3182,Positive,High
i like it,5,1,46.6.3,2026-09-09 08:40:03,46.6.3,TikTok,0.3612,Positive,High
babla,5,1,46.8.3,2026-09-09 08:35:13,46.8.3,TikTok,0.0,Neutral,High
perfect,5,0,46.4.3,2026-09-09 08:34:38,46.4.3,TikTok,0.5719,Positive,High
za,5,1,,2026-09-09 08:31:50,,TikTok,0.0,Neutral,High
rai naveed abbas,5,1,46.7.3,2026-09-09 08:31:42,46.7.3,TikTok,0.0,Neutral,High
😋😉so experience,3,1,,2026-09-09 08:31:18,,TikTok,0.0,Neutral,Medium
𝖌𝖔𝖔𝖉 𝖆𝖕𝖕,5,1,,2026-09-09 08:31:11,,TikTok,0.0,Neutral,High
famiihsena,5,1,,2026-09-09 08:22:20,,TikTok,0.0,Neutral,High
it's refreshing and takes away your boredom it put your anger and sadness behind you 🎭🎭🎭,5,1,46.4.3,2026-09-09 08:21:27,46.4.3,TikTok,-0.836,Negative,High
fantastic,5,1,,2026-09-09 08:20:42,,TikTok,0.5574,Positive,High
too slow,1,1,,2026-09-09 08:19:35,,TikTok,0.0,Neutral,Low
🇰🇪🇰🇪🇰🇪🇰🇪👍👍👍,4,1,,2026-09-09 08:16:56,,TikTok,0.0,Neutral,High
boom,5,1,,2026-09-09 08:11:08,,TikTok,0.0,Neutral,High
this app is hella good yu' all,5,1,,2026-09-09 08:09:14,,TikTok,0.4927,Positive,High
its not working in my phone,1,1,,2026-09-09 08:08:56,,TikTok,0.0,Neutral,Low
fantastic,5,0,46.8.3,2026-09-09 08:01:33,46.8.3,TikTok,0.5574,Positive,High
lovely sha,5,1,46.8.3,2026-09-09 08:01:27,46.8.3,TikTok,0.5859,Positive,High
ahsanali,5,1,,2026-09-09 08:01:25,,TikTok,0.0,Neutral,High
it's fine o,5,1,,2026-09-09 07:57:03,,TikTok,0.2023,Positive,High
fake app no comition,1,0,,2026-09-09 07:55:56,,TikTok,-0.6486,Negative,Low
best platform,5,1,,2026-09-09 07:54:09,,TikTok,0.6369,Positive,High
the app is not working well,5,0,46.7.3,2026-09-09 07:53:00,46.7.3,TikTok,-0.2057,Negative,High
👍👍👍,5,1,,2026-09-09 07:51:59,,TikTok,0.0,Neutral,High
this app is amazing,5,1,46.8.3,2026-09-09 07:48:54,46.8.3,TikTok,0.5859,Positive,High
good,5,1,46.8.3,2026-09-09 07:47:16,46.8.3,TikTok,0.4404,Positive,High
nice app,5,1,,2026-09-09 07:45:26,,TikTok,0.4215,Positive,High
may be its doesn't really work since for the few days its really a good app but its may causes many problems 😕 😅 😬 😢 😞 😐 😕 😅 😬 😢 😞 😐 😕 😅 😬 😢 😞 😐 😕 😅 😬 😢 😞 😐 😕 😅 😬 😢 😞 😐 i think that this aap is not for me so i would rate this app 1 star only ok thanks,1,0,46.8.3,2026-09-09 07:44:58,46.8.3,TikTok,-0.9947,Negative,Low
🥰🥰🥰,2,1,,2026-09-09 07:40:22,,TikTok,0.9716,Positive,Low
video upload and destory video pixel .... video not clear on tiktok post pixel destory issue and do not show video quality option yah plz provide new tiktok update and provide hight quality option this tiktok app and provide music cutting ✂️ option in song,1,0,46.8.3,2026-09-09 07:39:28,46.8.3,TikTok,-0.3365,Negative,Low
best,4,1,46.7.3,2026-09-09 07:38:35,46.7.3,TikTok,0.6369,Positive,High
🎥🎥🎥🥰,5,1,46.6.3,2026-09-09 07:38:34,46.6.3,TikTok,0.8074,Positive,High
this app is great,5,1,,2026-09-09 07:35:16,,TikTok,0.6249,Positive,High
nice,5,0,46.7.3,2026-09-09 07:33:14,46.7.3,TikTok,0.4215,Positive,High
nice tik tok,5,0,46.8.3,2026-09-09 07:31:15,46.8.3,TikTok,0.4215,Positive,High
abduhall zahid,5,0,,2026-09-09 07:26:09,,TikTok,0.0,Neutral,High
very inspirational,5,0,,2026-09-09 07:25:30,,TikTok,0.5563,Positive,High
very nice and i enjoy it many times ☺☺☺😎😎😎😏😏❤❤❤❤,5,0,,2026-09-09 07:20:30,,TikTok,0.9913,Positive,High
i am lover of tiktok,5,0,46.1.3,2026-09-09 07:16:51,46.1.3,TikTok,0.5859,Positive,High
well this app officially sucks. ad on top of ad on top of ad. not to mention the excessive amount of ai.,1,0,46.8.3,2026-09-09 07:16:49,46.8.3,TikTok,0.296,Positive,Low
tiktok deliberately sets people up for failure. they induce suicidal tendencies in people. it's a form a bullying and tiktok is actively participating against native americans. they hate native americans. user....dripty,1,0,,2026-09-09 07:13:13,,TikTok,-0.9337,Negative,Low
گعگعےغڑےڑےےڑ,4,0,46.4.3,2026-09-09 07:13:09,46.4.3,TikTok,0.0,Neutral,High
good,5,0,46.7.3,2026-09-09 07:04:09,46.7.3,TikTok,0.4404,Positive,High
smirt jahsngir,5,1,,2026-09-09 07:03:15,,TikTok,0.0,Neutral,High
very good app,5,0,,2026-09-09 06:57:36,,TikTok,0.4927,Positive,High
i love it,5,0,46.7.3,2026-09-09 06:55:59,46.7.3,TikTok,0.6369,Positive,High
"thank you very much tiktok. this tiktok made me go viral i am very happy with this. thank you, thank you, thank you 😩💯",5,0,46.6.3,2026-09-09 06:54:55,46.6.3,TikTok,0.8977,Positive,High
for you,5,1,46.8.3,2026-09-09 06:53:54,46.8.3,TikTok,0.0,Neutral,High
seen she'll batch middle tigereye,5,0,,2026-09-09 06:50:56,,TikTok,0.0,Neutral,High
very smart app,1,0,,2026-09-09 06:49:00,,TikTok,0.4576,Positive,Low
for you,5,0,46.6.3,2026-09-09 06:47:40,46.6.3,TikTok,0.0,Neutral,High
my tiktok account video save option end plz open my account video save option,1,0,44.3.3,2026-09-09 06:46:10,44.3.3,TikTok,0.7717,Positive,Low
it is so imprmative and very useful app for all human beings,5,0,45.5.4,2026-09-09 06:44:45,45.5.4,TikTok,0.4927,Positive,High
perfect,5,1,46.8.3,2026-09-09 06:44:24,46.8.3,TikTok,0.5719,Positive,High
update is too slow,2,0,,2026-09-09 06:42:06,,TikTok,0.0,Neutral,Low
does tiktok connect to the wi-fi in my house? so tiktok... so tiktok is wi-fi?,1,1,39.3.3,2026-09-09 06:41:53,39.3.3,TikTok,0.0,Neutral,Low
সাদিয়া,5,0,,2026-09-09 06:40:40,,TikTok,0.0,Neutral,High
hi tiktok team please update my i'd and add watch and earn button @isihamzaali,5,0,46.8.3,2026-09-09 06:40:03,46.8.3,TikTok,0.3182,Positive,High
abdullah malik mere sar haji in,5,0,46.7.3,2026-09-09 06:38:58,46.7.3,TikTok,0.0,Neutral,High
rsrakib,5,0,46.8.3,2026-09-09 06:38:20,46.8.3,TikTok,0.0,Neutral,High
"hello tiktok team, i am a content creator and regularly create original videos. please review my account and enable monetization if my account is eligible. i will continue to follow tiktok’s community guidelines and monetization policies. thank you for your support. 🙏",5,0,46.7.3,2026-09-09 06:37:47,46.7.3,TikTok,0.872,Positive,High
you guys are doing well,4,0,46.8.3,2026-09-09 06:35:47,46.8.3,TikTok,0.2732,Positive,High
"made a purchase yesterday, while making the purchase i noticed errors on check out, however the funds went though. so i followed the instructions, got saw by order history which showed 2 unconfirmed purchase transactions that matched my purchase but for some reason i am still being told that it did not go though however the purchase was made using my airtime. this is ridiculous and simple theft! fu!!!",1,0,46.8.3,2026-09-09 06:31:59,46.8.3,TikTok,-0.7482,Negative,Low
good,5,0,46.7.3,2026-09-09 06:30:44,46.7.3,TikTok,0.4404,Positive,High
it good apps for learning and entertainment,5,0,46.7.3,2026-09-09 06:30:35,46.7.3,TikTok,0.6908,Positive,High
they ban my 2 years account for no reason,1,0,46.8.3,2026-09-09 06:29:47,46.8.3,TikTok,-0.7003,Negative,Low
imran khan پاکستان کے سابق وزیرِاعظم، سابق کرکٹ کپتان اور پاکستان تحریکِ انصاف (pti) کے بانی ہیں۔ وہ 1992 میں پاکستان کو کرکٹ ورلڈ کپ جتوانے والی ٹیم کے کپتان تھے اور 2018 سے اپریل 2022 تک پاکستان کے وزیرِاعظم رہے۔ �,5,0,41.1.3,2026-09-09 06:28:21,41.1.3,TikTok,0.0,Neutral,High
🥰🥰,5,0,46.8.3,2026-09-09 06:28:06,46.8.3,TikTok,0.9393,Positive,High
this ap is not like only see video or something but this app is very workful app and useful app or see anything else like about education and other thing,3,0,46.4.3,2026-09-09 06:26:37,46.4.3,TikTok,0.7611,Positive,Medium
nice,5,0,,2026-09-09 06:22:51,,TikTok,0.4215,Positive,High
every video in my feed freezes half way through now! what the heck tiktok?!!,1,0,,2026-09-09 06:20:04,,TikTok,-0.2444,Negative,Low
bilalahmad,5,0,35.6.3,2026-09-09 06:14:34,35.6.3,TikTok,0.0,Neutral,High
"👏👏🎉 on great development.. i 💕 electronics you guys are #genius #family ,church 🙏🌎",5,0,46.8.3,2026-09-09 06:09:14,46.8.3,TikTok,0.9022,Positive,High
iuuuh,2,1,46.8.3,2026-09-09 06:01:29,46.8.3,TikTok,0.0,Neutral,Low
🙂🙂,5,1,46.8.3,2026-09-09 05:59:13,46.8.3,TikTok,0.6613,Positive,High
for you,5,1,,2026-09-09 05:56:17,,TikTok,0.0,Neutral,High
